pdb_id,chrom_resname,n_polar_OH_35,n_polar_O2_35,delta_polar_35,n_polar_OH_32,n_polar_O2_32,delta_polar_32,oh_found,o2_found
1B9C,CRO,2,4,2,2,2,0,True,True
1C4F,CRO,1,5,4,1,3,2,True,True
1CV7,CRF,0,4,4,0,4,4,False,True
1EMA,CRO,3,3,0,3,2,-1,True,True
1EMB,CRO,3,3,0,2,2,0,True,True
1EMC,GYS,3,3,0,3,1,-2,True,True
1EME,GYS,2,3,1,2,1,-1,True,True
1EMG,CRO,3,3,0,3,2,-1,True,True
1EML,GYS,3,3,0,3,2,-1,True,True
1EMM,GYS,3,4,1,2,3,1,True,True
1F09,CR2,1,3,2,1,2,1,True,True
1F0B,CR2,1,3,2,1,1,0,True,True
1G7K,CRQ,3,4,1,3,2,-1,True,True
1GGX,CRQ,3,2,-1,3,2,-1,True,True
1H6R,PIA,2,3,1,2,2,0,True,True
1HCJ,GYS,3,3,0,3,2,-1,True,True
1HUY,CRO,2,3,1,2,1,-1,True,True
1JBY,CRO,1,3,2,1,2,1,True,True
1JBZ,CRO,2,3,1,2,2,0,True,True
1JC0,CRO,2,3,1,2,2,0,True,True
1JC1,CRO,2,3,1,2,2,0,True,True
1KP5,GYS,1,3,2,1,2,1,True,True
1MOU,CRQ,2,2,0,2,1,-1,True,True
1MOV,CRQ,2,3,1,2,1,-1,True,True
1MYW,CR2,2,4,2,2,3,1,True,True
1Q4A,CRO,3,3,0,3,2,-1,True,True
1Q4B,CRO,2,4,2,2,2,0,True,True
1Q4C,CRO,2,3,1,2,2,0,True,True
1Q4D,CRO,1,4,3,1,2,1,True,True
1Q4E,CRO,3,3,0,3,2,-1,True,True
1Q73,CRO,1,3,2,1,2,1,True,True
1QYF,CRO,3,2,-1,3,1,-2,True,True
1RMM,CRO,3,3,0,3,2,-1,True,True
1RMO,CRO,3,3,0,3,2,-1,True,True
1RMP,CRO,2,2,0,2,2,0,True,True
1RRX,MFC,3,4,1,3,2,-1,True,True
1S6Z,CR0,0,3,3,0,3,3,False,True
1UIS,NRQ,2,2,0,2,2,0,True,True
1W7S,GYS,2,4,2,1,2,1,True,True
1W7T,GYS,3,3,0,3,2,-1,True,True
1W7U,GYS,3,3,0,3,2,-1,True,True
1XA9,CH6,2,3,1,2,2,0,True,True
1XAE,CH7,2,4,2,1,2,1,True,True
1XMZ,CRK,2,2,0,2,1,-1,True,True
1XQM,CH6,2,2,0,2,1,-1,True,True
1XSS,DYG,2,5,3,2,3,1,True,True
1YFP,CRO,2,3,1,2,2,0,True,True
1YZW,CRU,3,3,0,2,1,-1,True,True
1Z1P,CR0,0,3,3,0,2,2,False,True
1Z1Q,CR0,0,3,3,0,2,2,False,True
1ZGO,CRQ,3,4,1,3,3,0,True,True
1ZGP,CRQ,3,2,-1,3,1,-2,True,True
1ZGQ,NRQ,3,3,0,3,2,-1,True,True
2A46,CR7,3,3,0,3,1,-2,True,True
2A47,CR7,3,1,-2,3,1,-2,True,True
2A48,CR7,3,3,0,3,2,-1,True,True
2A50,NRQ,2,3,1,2,1,-1,True,True
2A52,NRQ,1,2,1,1,1,0,True,True
2A53,NRQ,2,2,0,2,1,-1,True,True
2A54,NRQ,3,3,0,2,1,-1,True,True
2A56,NRQ,2,2,0,2,1,-1,True,True
2AH8,GYS,3,4,1,2,2,0,True,True
2AHA,GYS,3,3,0,1,2,1,True,True
2ARL,CRQ,2,2,0,2,1,-1,True,True
2AWK,CRO,2,3,1,2,2,0,True,True
2AWL,CRO,3,3,0,3,1,-2,True,True
2AWM,CRO,3,4,1,3,4,1,True,True
2B3P,CRO,3,3,0,3,2,-1,True,True
2B3Q,CRO,3,3,0,3,2,-1,True,True
2BTJ,RC7,2,5,3,2,3,1,True,True
2C9I,CRQ,3,2,-1,3,2,-1,True,True
2C9J,CRQ,2,3,1,2,3,1,True,True
2DD7,CR2,2,3,1,2,2,0,True,True
2DD9,CR2,3,3,0,2,2,0,True,True
2DUE,C12,1,3,2,1,2,1,True,True
2DUF,C12,3,4,1,2,2,0,True,True
2DUG,C12,2,4,2,2,2,0,True,True
2DUH,C12,3,3,0,3,2,-1,True,True
2DUI,GYS,2,3,1,2,2,0,True,True
2FL1,XYG,2,3,1,2,2,0,True,True
2FZU,C12,5,3,-2,4,2,-2,True,True
2G3O,CR2,3,2,-1,3,2,-1,True,True
2G6X,CR2,2,2,0,2,2,0,True,True
2G6Y,CR2,2,3,1,2,2,0,True,True
2GW4,RC7,2,5,3,2,3,1,True,True
2GX0,GYC,2,5,3,2,2,0,True,True
2GX2,GYS,2,5,3,2,2,0,True,True
2H5O,CRO,2,2,0,2,2,0,True,True
2H5P,CRO,2,1,-1,2,1,-1,True,True
2H5Q,CH6,4,3,-1,3,2,-1,True,True
2H5R,CRO,2,2,0,2,1,-1,True,True
2H6V,CRO,2,3,1,2,1,-1,True,True
2H8Q,CRQ,3,2,-1,3,1,-2,True,True
2H9W,CRO,2,3,1,1,1,0,True,True
2HGD,X9Q,0,3,3,0,2,2,False,True
2HJO,CRO,3,3,0,3,2,-1,True,True
2HPW,GYS,1,3,2,1,2,1,True,True
2HQK,PIA,3,4,1,3,2,-1,True,True
2HQZ,CRO,3,3,0,3,2,-1,True,True
2HRS,CRO,3,3,0,3,2,-1,True,True
2IB5,CRQ,4,2,-2,2,1,-1,True,True
2IB6,QLG,0,3,3,0,1,1,False,True
2ICR,XYG,2,2,0,2,2,0,True,True
2IE2,GYC,2,5,3,2,2,0,True,True
2IOV,GYC,2,5,3,2,2,0,True,True
2JAD,PIA,2,3,1,2,1,-1,True,True
2O24,CRO,1,3,2,1,2,1,True,True
2O29,CRO,1,3,2,1,2,1,True,True
2O2B,CRO,1,3,2,1,2,1,True,True
2OGR,CH7,2,4,2,2,3,1,True,True
2OJK,NYG,2,4,2,2,3,1,True,True
2OKW,CRO,2,3,1,2,2,0,True,True
2OKY,CRO,3,3,0,3,2,-1,True,True
2OTB,PIA,3,5,2,3,2,-1,True,True
2OTE,PIA,2,3,1,1,2,1,True,True
2P4M,CRQ,2,3,1,2,1,-1,True,True
2POX,GYC,1,3,2,1,1,0,True,True
2PXS,XYG,2,3,1,2,2,0,True,True
2PXW,DYG,2,4,2,2,3,1,True,True
2Q57,CRF,0,3,3,0,2,2,False,True
2Q6P,CRO,3,4,1,2,2,0,True,True
2QLE,CRO,2,3,1,2,2,0,True,True
2QLG,CH6,2,3,1,2,2,0,True,True
2QLH,NRQ,2,3,1,2,2,0,True,True
2QLI,NRQ,2,4,2,2,2,0,True,True
2QRF,CZO,3,2,-1,2,2,0,True,True
2QT2,CJO,3,3,0,2,1,-1,True,True
2QU1,CRO,3,3,0,3,3,0,True,True
2QZ0,CRO,2,4,2,2,1,-1,True,True
2RH7,CRO,2,5,3,2,4,2,True,True
2V4E,NRQ,3,3,0,3,2,-1,True,True
2VAD,CRQ,3,3,0,3,1,-2,True,True
2VAE,CRQ,3,4,1,3,3,0,True,True
2VVH,5SQ,3,5,2,3,3,0,True,True
2VVI,7R0,2,4,2,2,2,0,True,True
2VVJ,RC7,3,4,1,3,2,-1,True,True
2VZX,5SQ,2,3,1,2,2,0,True,True
2WHS,CRQ,2,3,1,2,1,-1,True,True
2WHT,CRQ,2,4,2,1,4,3,True,True
2WHU,CRQ,2,2,0,1,1,0,True,True
2WIQ,CRQ,2,2,0,2,1,-1,True,True
2WIS,CRQ,0,3,3,0,1,1,True,True
2WSN,CRF,0,3,3,0,2,2,False,True
2WSO,CRF,0,3,3,0,2,2,False,True
2WUR,GYS,3,3,0,3,2,-1,True,True
2Y0G,CRO,3,3,0,3,2,-1,True,True
2YDZ,CRF,0,3,3,0,3,3,False,True
2YFP,CR2,1,4,3,1,1,0,True,True
2Z1O,GYC,2,4,2,2,2,0,True,True
2Z6X,GYC,1,3,2,1,3,2,True,True
2Z6Y,GYC,2,3,1,2,2,0,True,True
2Z6Z,GYC,2,4,2,2,2,0,True,True
2ZMU,CFY,2,3,1,2,2,0,True,True
2ZMW,CFY,2,4,2,2,3,1,True,True
2ZO6,GYS,3,4,1,3,2,-1,True,True
2ZO7,GYS,3,4,1,3,2,-1,True,True
3A8S,CRQ,0,1,1,0,1,1,True,True
3ADF,CRQ,2,3,1,2,2,0,True,True
3AI4,CR2,2,3,1,2,2,0,True,True
3AI5,CR2,2,3,1,2,2,0,True,True
3BX9,NRQ,2,2,0,2,1,-1,True,True
3BXA,NRQ,3,3,0,2,2,0,True,True
3BXB,NRQ,2,3,1,2,1,-1,True,True
3BXC,NRQ,1,3,2,1,1,0,True,True
3CB9,CRO,2,3,1,2,2,0,True,True
3CBE,CRO,3,3,0,2,2,0,True,True
3CD1,CRO,2,3,1,2,2,0,True,True
3CD9,CRO,2,3,1,2,2,0,True,True
3CFA,NRQ,3,2,-1,2,1,-1,True,True
3CFF,NRQ,1,2,1,1,1,0,True,True
3CFH,NRQ,2,1,-1,2,1,-1,True,True
3CGL,CRQ,3,4,1,3,2,-1,True,True
3DPW,CR2,2,3,1,2,1,-1,True,True
3DPX,CR2,1,3,2,1,2,1,True,True
3DPZ,CR2,2,3,1,1,2,1,True,True
3DQ1,CR2,2,3,1,1,3,2,True,True
3DQ2,CR2,2,3,1,1,2,1,True,True
3DQ3,CR2,1,3,2,1,2,1,True,True
3DQ4,CR2,2,3,1,1,3,2,True,True
3DQ5,CR2,1,3,2,1,2,1,True,True
3DQ6,CR2,2,3,1,2,2,0,True,True
3DQ7,CR2,2,3,1,2,2,0,True,True
3DQ8,CR2,2,3,1,1,3,2,True,True
3DQ9,CR2,2,3,1,1,3,2,True,True
3DQA,CR2,2,3,1,1,3,2,True,True
3DQC,CR2,1,3,2,1,3,2,True,True
3DQD,CR2,2,3,1,2,3,1,True,True
3DQE,CR2,2,3,1,1,3,2,True,True
3DQF,CR2,2,3,1,2,3,1,True,True
3DQH,CR2,2,3,1,1,3,2,True,True
3DQI,CR2,2,3,1,1,3,2,True,True
3DQJ,CR2,2,3,1,1,3,2,True,True
3DQK,CR2,2,3,1,1,3,2,True,True
3DQL,CR2,2,3,1,1,3,2,True,True
3DQM,CR2,2,3,1,2,3,1,True,True
3DQN,CR2,2,3,1,1,3,2,True,True
3DQO,CR2,2,3,1,1,3,2,True,True
3DQU,CR2,2,3,1,1,3,2,True,True
3E5T,NRQ,3,3,0,2,1,-1,True,True
3E5V,NRQ,1,3,2,1,1,0,True,True
3E5W,NRQ,2,2,0,2,1,-1,True,True
3ED8,CRO,2,4,2,2,2,0,True,True
3EVP,CRO,1,3,2,1,2,1,True,True
3EVR,CRO,3,3,0,3,2,-1,True,True
3G9A,GYS,2,3,1,1,2,1,True,True
3GB3,CRQ,2,4,2,1,2,1,True,True
3GEX,CRF,0,3,3,0,2,2,False,True
3GJ1,CRO,2,3,1,2,2,0,True,True
3GJ2,CRO,2,3,1,2,2,0,True,True
3GL4,CRQ,1,3,2,0,1,1,True,True
3H1O,NRQ,3,4,1,2,1,-1,True,True
3H1R,NRQ,5,5,0,5,2,-3,True,True
3I19,CRF,0,3,3,0,3,3,False,True
3IP2,NRQ,2,2,0,2,1,-1,True,True
3IR8,CRQ,2,3,1,2,1,-1,True,True
3K1K,GYS,2,4,2,2,2,0,True,True
3KCS,NRQ,0,2,2,0,2,2,True,True
3KCT,NRQ,1,2,1,1,1,0,True,True
3LA1,CRF,0,3,3,0,2,2,False,True
3LF3,NRQ,2,6,4,2,1,-1,True,True
3LF4,0YG,1,4,3,1,4,3,True,True
3LS3,GYC,3,6,3,3,2,-1,True,True
3LSA,GYC,2,6,4,2,3,1,True,True
3LVA,GYS,2,3,1,2,2,0,True,True
3LVC,GYS,3,2,-1,3,2,-1,True,True
3LVD,GYS,3,3,0,3,2,-1,True,True
3MGF,CFY,2,4,2,2,2,0,True,True
3NED,NRQ,3,6,3,2,4,2,True,True
3NEZ,NRQ,2,3,1,2,2,0,True,True
3NF0,CH6,1,4,3,1,2,1,True,True
3OGO,CRO,3,3,0,3,2,-1,True,True
3P28,GYS,2,4,2,2,2,0,True,True
3PIB,NRQ,3,3,0,2,1,-1,True,True
3PJ5,NRQ,1,3,2,1,1,0,True,True
3PJ7,NRQ,2,2,0,2,2,0,True,True
3PJB,NRQ,3,3,0,2,1,-1,True,True
3RWA,NRQ,2,2,0,2,1,-1,True,True
3RWT,NRQ,1,1,0,1,1,0,True,True
3SRY,CR2,1,2,1,1,2,1,True,True
3SS0,CR2,1,3,2,1,2,1,True,True
3SSH,CR2,1,3,2,1,2,1,True,True
3SSK,CR2,1,2,1,1,2,1,True,True
3SSL,CR2,1,2,1,1,2,1,True,True
3SSP,CR2,2,2,0,2,2,0,True,True
3SST,CR2,2,2,0,2,2,0,True,True
3SSV,CR2,2,2,0,2,2,0,True,True
3SSY,CR2,2,2,0,2,2,0,True,True
3ST0,CR2,1,4,3,1,3,2,True,True
3ST2,CR2,1,3,2,1,1,0,True,True
1BFP,IIC,0,3,3,0,2,2,False,True
1EMF,CSH,0,3,3,0,2,2,False,True
1EMK,CCY,3,3,0,3,2,-1,True,True
1KYP,CRG,0,3,3,0,2,2,False,True
1KYR,CRG,0,3,3,0,2,2,False,True
1KYS,CRG,0,3,3,0,2,2,False,True
2EMD,CSH,0,3,3,0,2,2,False,True
2EMN,CSH,0,4,4,0,3,3,False,True
2EMO,CSH,0,4,4,0,2,2,False,True
2FWQ,XXY,0,3,3,0,2,2,False,True
2YE0,SWG,0,3,3,0,3,3,False,True
2YE1,SWG,0,3,3,0,3,3,False,True
3ST4,CR2,1,3,2,1,2,1,True,True
3SV5,CR2,2,4,2,2,2,0,True,True
3SVB,CR2,1,5,4,1,4,3,True,True
3SVC,CR2,1,4,3,1,3,2,True,True
3SVD,CR2,1,4,3,1,2,1,True,True
3SVE,CR2,2,2,0,2,2,0,True,True
3U0K,CRK,2,2,0,2,2,0,True,True
3U0L,NRQ,2,2,0,2,1,-1,True,True
3U0M,NRQ,3,2,-1,3,2,-1,True,True
3U0N,NRQ,3,3,0,2,1,-1,True,True
3U8P,CRO,3,3,0,3,3,0,True,True
3UFZ,CRO,1,3,2,0,2,2,True,True
3UG0,CRO,3,3,0,3,2,-1,True,True
3V3D,CR2,2,4,2,2,2,0,True,True
3VHT,CR2,2,3,1,2,2,0,True,True
3VIC,QFG,0,3,3,0,1,1,False,True
3VK1,QFG,0,3,3,0,2,2,False,True
3W1C,CR2,2,3,1,1,1,0,True,True
3W1D,CR2,2,3,1,2,1,-1,True,True
3WCK,CRQ,1,3,2,1,1,0,True,True
3ZTF,SWG,0,3,3,0,2,2,False,True
3ZUF,GYC,2,5,3,2,2,0,True,True
3ZUJ,GYC,1,4,3,1,2,1,True,True
3ZUL,GYC,2,5,3,1,2,1,True,True
4ANJ,CR2,1,3,2,1,2,1,True,True
4AR7,SWG,0,3,3,0,2,2,False,True
4AS8,CRF,0,3,3,0,2,2,False,True
4B30,CRQ,2,4,2,2,3,1,True,True
4B5Y,SWG,0,3,3,0,2,2,False,True
4BDU,CR2,2,3,1,1,2,1,True,True
4DKM,CR2,3,3,0,3,3,0,True,True
4DKN,CR2,2,3,1,2,3,1,True,True
4EDO,NRQ,2,2,0,2,1,-1,True,True
4EDS,NRQ,3,2,-1,2,1,-1,True,True
4EMQ,GYC,2,4,2,2,2,0,True,True
4EN1,SWG,0,3,3,0,2,2,False,True
4EUL,CRO,3,3,0,3,2,-1,True,True
4H3L,NRQ,2,3,1,2,2,0,True,True
4H3M,NRQ,2,3,1,2,1,-1,True,True
4H3N,NRQ,2,4,2,2,3,1,True,True
4H47,CRF,0,3,3,0,2,2,False,True
4H48,CRF,0,3,3,0,2,2,False,True
4HE4,CRO,2,3,1,2,2,0,True,True
4HQC,IEY,3,6,3,3,4,1,True,True
4HVF,CR2,2,3,1,2,3,1,True,True
4IK1,CRO,2,3,1,2,2,0,True,True
4IK3,CRO,2,3,1,2,2,0,True,True
4IK4,CRO,3,3,0,2,2,0,True,True
4IK5,CRO,2,3,1,2,2,0,True,True
4IK8,CRO,3,3,0,3,2,-1,True,True
4IK9,CRO,2,3,1,2,2,0,True,True
4J88,CQ1,0,3,3,0,3,3,False,True
4J89,CQ2,0,3,3,0,2,2,False,True
4J8A,CRO,4,3,-1,4,2,-2,True,True
4JC2,CRQ,2,3,1,2,2,0,True,True
4JEO,CR2,1,3,2,1,2,1,True,True
4JF9,CR2,2,3,1,1,3,2,True,True
4JGE,CR2,2,3,1,1,3,2,True,True
4JRB,CR2,2,4,2,2,2,0,True,True
4KA9,CRO,3,3,0,2,2,0,True,True
4KAG,CRO,3,3,0,3,2,-1,True,True
4KEX,CRO,2,3,1,2,2,0,True,True
4KF4,CH6,2,2,0,2,1,-1,True,True
4KF5,CRO,1,2,1,0,2,2,True,True
4KPI,NRQ,5,5,0,2,2,0,True,True
4KW4,CRO,3,3,0,3,2,-1,True,True
4KW8,CRO,3,4,1,3,2,-1,True,True
4KW9,CRO,2,2,0,2,2,0,True,True
4L12,CRO,2,3,1,1,2,1,True,True
4L13,CRO,2,3,1,1,2,1,True,True
4L1I,CRO,2,3,1,1,2,1,True,True
4LQT,CRO,3,3,0,3,2,-1,True,True
4LQU,CRO,3,3,0,3,2,-1,True,True
4LW5,CRO,3,2,-1,3,1,-2,True,True
4N3D,CRO,3,3,0,3,2,-1,True,True
4NDJ,CR2,2,4,2,2,3,1,True,True
4NDK,CR2,2,3,1,2,1,-1,True,True
4NWS,NRQ,2,3,1,1,1,0,True,True
4OGS,CRO,2,4,2,2,1,-1,True,True
4OHS,CH6,1,2,1,1,1,0,True,True
4OJ0,NRQ,1,3,2,1,1,0,True,True
4OQW,NRQ,2,3,1,2,2,0,True,True
4ORN,GYS,2,4,2,1,2,1,True,True
4P1Q,GYS,2,3,1,2,2,0,True,True
4P7H,CRO,1,6,5,1,5,4,True,True
4PA0,CRO,2,3,1,2,2,0,True,True
4PFE,CRO,3,3,0,2,2,0,True,True
4Q7R,OFM,2,2,0,2,1,-1,True,True
4Q7T,OFM,2,2,0,2,2,0,True,True
4Q7U,OIM,2,2,0,2,2,0,True,True
4Q9W,PIA,3,4,1,3,2,-1,True,True
4Q9X,PIA,2,4,2,2,2,0,True,True
4R6D,PIA,3,4,1,3,2,-1,True,True
4U2V,CR2,2,4,2,2,2,0,True,True
4UTS,GYC,3,4,1,3,2,-1,True,True
4XBI,CRO,3,3,0,3,2,-1,True,True
4XGY,CRO,3,3,0,3,2,-1,True,True
4XL5,CRO,3,3,0,3,2,-1,True,True
4XOV,CRO,4,3,-1,4,2,-2,True,True
4XOW,CRO,3,3,0,2,2,0,True,True
4XVP,CRO,3,4,1,1,3,2,True,True
4Z4K,CR2,2,3,1,2,3,1,True,True
4Z4M,CR2,3,4,1,2,1,-1,True,True
4ZB1,CRQ,2,3,1,2,1,-1,True,True
4ZBL,4M9,0,4,4,0,2,2,False,True
4ZF3,CRO,3,3,0,2,2,0,True,True
4ZFS,4M9,0,4,4,0,3,3,False,True
4ZIO,CH6,1,3,2,0,1,1,True,True
5AQB,CRO,3,3,0,3,2,-1,True,True
5BQL,NRQ,2,2,0,2,2,0,True,True
5BT0,CRO,1,3,2,1,2,1,True,True
5BTT,CRO,1,3,2,1,2,1,True,True
5DPG,CRO,2,3,1,2,2,0,True,True
5DPH,CRO,3,5,2,3,2,-1,True,True
5DPI,CRO,3,4,1,3,2,-1,True,True
5DPJ,CRO,3,4,1,2,3,1,True,True
5DQB,CRF,0,3,3,0,2,2,False,True
5DQM,CRF,0,3,3,0,1,1,False,True
5DRF,CRF,0,4,4,0,1,1,False,True
5DRG,CRF,0,4,4,0,1,1,False,True
5DTL,5SQ,1,3,2,1,2,1,True,True
5DTX,PIA,3,3,0,3,2,-1,True,True
5DTY,PIA,1,3,2,1,2,1,True,True
5DTZ,PIA,3,3,0,3,3,0,True,True
5DU0,PIA,1,2,1,1,2,1,True,True
5DY6,CRO,0,4,4,0,4,4,True,True
5EHU,CRO,3,3,0,3,2,-1,True,True
5EXB,5SQ,1,5,4,1,3,2,True,True
5EXC,RC7,2,4,2,2,4,2,True,True
5F9G,CRO,1,5,4,1,2,1,True,True
5FGU,CR2,1,3,2,1,2,1,True,True
5FHV,CH6,3,7,4,3,4,1,True,True
5FVF,5SQ,1,4,3,0,1,1,True,True
5FVG,5SQ,3,5,2,3,3,0,True,True
5FVI,5SQ,3,6,3,3,5,2,True,True
5H87,CH6,2,1,-1,2,1,-1,True,True
5H88,CH6,2,2,0,2,1,-1,True,True
5H89,CH6,2,2,0,2,1,-1,True,True
5HBD,PIA,3,3,0,3,2,-1,True,True
5HGE,PIA,3,3,0,3,2,-1,True,True
5HW9,PIA,2,3,1,2,2,0,True,True
5HZO,GYS,3,3,0,1,2,1,True,True
5HZS,GYS,2,5,3,2,3,1,True,True
5HZT,GYS,1,2,1,1,1,0,True,True
5HZU,GYS,2,5,3,2,2,0,True,True
5J2O,CRF,0,3,3,0,3,3,False,True
5J3N,GYS,3,3,0,3,2,-1,True,True
5JZK,CRO,3,3,0,3,2,-1,True,True
5JZL,CRO,3,3,0,3,2,-1,True,True
5KTG,CR2,2,2,0,2,2,0,True,True
5LEL,CRO,2,4,2,2,1,-1,True,True
5LEM,CRO,2,3,1,1,2,1,True,True
5LK4,NRQ,2,2,0,2,2,0,True,True
5LTP,CR2,2,2,0,2,2,0,True,True
5LTQ,CR2,2,3,1,1,3,2,True,True
5LTR,CR2,2,2,0,2,2,0,True,True
5MA3,CRO,3,3,0,3,2,-1,True,True
5MA4,CRO,3,3,0,3,2,-1,True,True
5MA5,CRO,3,3,0,3,2,-1,True,True
5MA6,CRO,1,4,3,0,4,4,True,True
5MA8,CRO,3,4,1,3,2,-1,True,True
5MA9,CRO,3,3,0,3,2,-1,True,True
5MAD,CRO,3,3,0,3,2,-1,True,True
5MAK,CRO,3,3,0,3,2,-1,True,True
5MFC,CRO,2,3,1,1,2,1,True,True
5MSE,CRO,2,3,1,2,2,0,True,True
5N9O,CRO,3,3,0,3,2,-1,True,True
5NHN,CRO,3,3,0,2,2,0,True,True
5NI3,CRO,1,3,2,1,2,1,True,True
5O89,PIA,3,3,0,3,2,-1,True,True
5O8A,PIA,5,6,1,4,5,1,True,True
5O8B,PIA,6,1,-5,2,0,-2,True,True
5O8C,PIA,5,3,-2,3,0,-3,True,True
5OX8,B2H,0,3,3,0,2,2,False,True
5OX9,B2H,0,3,3,0,2,2,False,True
5OXA,B2H,0,3,3,0,2,2,False,True
5OXB,B2H,0,3,3,0,1,1,False,True
5OXC,B2H,0,3,3,0,2,2,False,True
5T3I,CRF,0,3,3,0,2,2,False,True
5WJ2,CR2,2,3,1,2,1,-1,True,True
5WJ3,CR2,2,4,2,2,3,1,True,True
5WJ4,CR2,2,4,2,2,3,1,True,True
5WWK,CR2,3,4,1,2,4,2,True,True
5Y8Q,CH7,1,2,1,1,2,1,True,True
5Y8R,CH7,2,2,0,2,1,-1,True,True
5YR3,BF6,0,5,5,0,4,4,False,True
5YT1,NRQ,3,2,-1,3,2,-1,True,True
5Z6Y,BF6,0,3,3,0,3,3,False,True
6AA2,CR2,2,3,1,2,3,1,True,True
6AA6,CR2,3,3,0,2,2,0,True,True
6AA7,XYG,1,3,2,1,2,1,True,True
6AS9,PIA,3,4,1,3,2,-1,True,True
6B7R,GYS,3,3,0,3,2,-1,True,True
6B7T,GYS,2,3,1,2,2,0,True,True
6B9C,GMO,0,3,3,0,2,2,False,True
6CIU,CRQ,2,4,2,2,2,0,True,True
6D38,GYC,1,3,2,1,3,2,True,True
6D39,GYC,1,3,2,1,2,1,True,True
6DEJ,CRU,2,4,2,2,2,0,True,True
6DQ0,CRO,3,3,0,2,2,0,True,True
6DQ1,CRO,3,3,0,3,2,-1,True,True
6EFR,CRO,1,2,1,1,2,1,True,True
6FLL,GYS,3,3,0,3,2,-1,True,True
6FP7,PIA,3,4,1,3,2,-1,True,True
6FP8,PIA,3,4,1,3,2,-1,True,True
6FWW,CRO,2,3,1,2,2,0,True,True
6GEL,CRF,0,4,4,0,2,2,False,True
6GEZ,CRF,0,4,4,0,3,3,False,True
6GO8,PIA,2,3,1,2,2,0,True,True
6GO9,PIA,3,3,0,3,2,-1,True,True
6GOY,5SQ,2,5,3,2,2,0,True,True
6GOZ,7R0,1,2,1,1,1,0,True,True
6GP0,RC7,2,5,3,2,3,1,True,True
6GP1,7R6,1,4,3,1,1,0,True,True
6GQG,PIA,3,4,1,3,2,-1,True,True
6GQH,PIA,2,3,1,2,1,-1,True,True
6GRM,PIA,3,4,1,3,4,1,True,True
6H01,FHE,0,3,3,0,2,2,True,True
6HR1,CR2,2,4,2,2,2,0,True,True
6HUT,CRO,3,3,0,3,2,-1,True,True
6IR6,CRO,2,3,1,2,2,0,True,True
6IR7,CRO,3,3,0,3,2,-1,True,True
6J1A,QYG,2,2,0,2,2,0,True,True
6J1B,QYG,3,3,0,2,1,-1,True,True
6J1C,QYG,1,2,1,1,1,0,True,True
6JC6,BJO,2,3,1,2,1,-1,True,True
6JGH,GYS,2,3,1,1,2,1,True,True
6JGI,CRO,3,4,1,3,2,-1,True,True
6JGJ,GYS,3,3,0,3,2,-1,True,True
6JXF,QYG,4,3,-1,3,1,-2,True,True
6KKZ,CRO,3,4,1,3,2,-1,True,True
6KL0,CRO,3,4,1,3,2,-1,True,True
6KL1,CRO,3,4,1,3,2,-1,True,True
6KRG,CRO,1,3,2,1,2,1,True,True
6L02,BF6,0,3,3,0,2,2,False,True
6L27,GYS,3,3,0,2,2,0,True,True
6LNP,CRO,1,3,2,1,2,1,True,True
6LOF,CH7,1,2,1,1,2,1,True,True
6LR7,CRO,2,2,0,2,2,0,True,True
6M63,CRO,1,3,2,1,2,1,True,True
6M9X,JBY,3,4,1,3,2,-1,True,True
6M9Z,CR2,4,3,-1,4,3,-1,True,True
6MAS,CR2,3,4,1,3,3,0,True,True
6MXW,GYC,2,5,3,2,2,0,True,True
6MYB,GYC,2,5,3,2,2,0,True,True
6MYC,GYC,2,5,3,2,3,1,True,True
6MZ3,CRO,3,3,0,2,2,0,True,True
6NQJ,GYC,3,4,1,3,2,-1,True,True
6NQK,KZV,3,5,2,3,2,-1,True,True
6NQL,KZ7,3,5,2,3,2,-1,True,True
6NQN,KZ4,3,5,2,3,2,-1,True,True
6NQO,KZG,3,5,2,3,2,-1,True,True
6NQP,KY4,3,5,2,3,2,-1,True,True
6NQQ,KZ1,0,3,3,0,2,2,True,True
6NQR,KY7,1,1,0,1,1,0,True,True
6NQS,KXV,3,4,1,3,2,-1,True,True
6NQV,KZY,0,4,4,0,2,2,True,True
6OA8,M3V,0,3,3,0,2,2,False,True
6OFK,CRO,3,3,0,3,2,-1,True,True
6OFN,CRO,2,3,1,2,2,0,True,True
6OFO,GYS,1,3,2,1,1,0,True,True
6OG8,MFC,2,3,1,2,2,0,True,True
6PFR,OHD,3,3,0,3,3,0,True,True
6PFS,OHD,3,3,0,3,2,-1,True,True
6PFT,OHD,1,3,2,1,2,1,True,True
6PFU,OHD,3,3,0,3,3,0,True,True
6QQ8,CRF,0,3,3,0,2,2,False,True
6QQ9,CRF,0,3,3,0,2,2,False,True
6QQA,CRF,0,3,3,0,2,2,False,True
6QQB,CRF,0,3,3,0,2,2,False,True
6QSL,PIA,3,4,1,3,2,-1,True,True
6QSM,PIA,3,4,1,3,2,-1,True,True
6QSO,PIA,3,3,0,3,2,-1,True,True
6QUH,CRO,2,3,1,2,2,0,True,True
6QUI,CRO,2,3,1,2,2,0,True,True
6QUJ,CRO,2,3,1,1,2,1,True,True
6S67,CRO,2,4,2,2,3,1,True,True
6S68,PIA,4,4,0,1,3,2,True,True
6SM0,LKE,0,3,3,0,2,2,False,True
6T39,PIA,4,2,-2,3,2,-1,True,True
6T3A,PIA,3,3,0,3,2,-1,True,True
6U1A,NRQ,4,6,2,3,5,2,True,True
6UHJ,CRO,1,3,2,1,2,1,True,True
6UHK,CRO,2,3,1,2,2,0,True,True
6UHL,CRO,1,3,2,1,2,1,True,True
6UHM,CRO,2,3,1,2,2,0,True,True
6UHN,CRO,2,3,1,1,2,1,True,True
6UHO,CRO,2,3,1,1,2,1,True,True
6UHP,CRO,0,3,3,0,2,2,True,True
6UHQ,CRO,2,3,1,2,3,1,True,True
6UHR,CRO,0,5,5,0,2,2,True,True
6UN4,OHD,3,3,0,3,2,-1,True,True
6UN6,QCA,3,3,0,2,2,0,True,True
6VIO,CR2,1,3,2,1,2,1,True,True
6WEM,NRQ,2,2,0,2,2,0,True,True
6WV3,CRO,0,4,4,0,2,2,True,True
6WV4,CRO,0,4,4,0,2,2,True,True
6WV5,CRO,1,4,3,0,2,2,True,True
6WV6,CRO,1,3,2,0,2,2,True,True
6WV7,CRO,3,3,0,2,2,0,True,True
6WV8,CRO,1,4,3,0,2,2,True,True
6WV9,CRO,0,3,3,0,2,2,True,True
6WVA,CRO,0,2,2,0,2,2,True,True
6WVB,CRO,0,2,2,0,2,2,True,True
6WVD,CRO,1,3,2,1,2,1,True,True
6WVE,CRO,2,3,1,2,2,0,True,True
6WVF,CRO,0,3,3,0,3,3,True,True
6WVG,CRO,0,4,4,0,2,2,True,True
6WVH,CRO,1,3,2,1,2,1,True,True
6WVI,CRO,1,3,2,1,2,1,True,True
6XWY,NRQ,4,2,-2,4,2,-2,True,True
6XZF,CRO,3,3,0,3,2,-1,True,True
6Y1G,CRU,3,2,-1,3,1,-2,True,True
6YLM,NRQ,2,2,0,2,1,-1,True,True
6YLS,5SQ,2,5,3,2,2,0,True,True
6ZQO,CR2,1,2,1,0,1,1,True,True
6ZSM,PIA,4,3,-1,3,2,-1,True,True
6ZSN,PIA,0,2,2,0,2,2,True,True
6ZUI,CR2,2,4,2,2,2,0,True,True
7A7K,CRO,2,3,1,1,2,1,True,True
7A7L,CRO,1,3,2,1,3,2,True,True
7A7M,CRO,3,3,0,2,2,0,True,True
7A7N,CRO,1,3,2,1,2,1,True,True
7A7O,CRO,2,3,1,1,2,1,True,True
7A7P,CRO,2,3,1,2,2,0,True,True
7A7Q,CRO,3,3,0,1,2,1,True,True
7A7R,CRO,1,2,1,1,1,0,True,True
7A7S,CRO,1,3,2,1,2,1,True,True
7A7T,CRO,4,3,-1,4,2,-2,True,True
7A7U,CRO,2,3,1,2,2,0,True,True
7A7V,CRO,4,3,-1,3,2,-1,True,True
7A7W,CRO,2,2,0,2,2,0,True,True
7A7X,CRO,1,3,2,1,1,0,True,True
7A7Y,CRO,3,3,0,3,2,-1,True,True
7A7Z,CRO,1,3,2,1,2,1,True,True
7A80,CRO,2,3,1,1,2,1,True,True
7A81,CRO,1,3,2,1,2,1,True,True
7A82,CRO,4,3,-1,3,2,-1,True,True
7A83,CRO,4,3,-1,2,2,0,True,True
7A84,CRO,3,3,0,2,2,0,True,True
7A85,CRO,3,3,0,2,2,0,True,True
7A86,CRO,3,3,0,3,2,-1,True,True
7A87,CRO,2,3,1,1,2,1,True,True
7A88,CRO,1,3,2,1,3,2,True,True
7A89,CRO,2,4,2,1,2,1,True,True
7A8A,CRO,4,3,-1,2,2,0,True,True
7A8B,CRO,2,3,1,2,2,0,True,True
7A8C,CRO,1,3,2,1,2,1,True,True
7A8D,CRO,2,2,0,2,2,0,True,True
7A8E,CRO,2,4,2,1,2,1,True,True
7A8F,CRO,2,3,1,2,2,0,True,True
7A8G,CRO,3,3,0,2,2,0,True,True
7A8H,CRO,3,3,0,3,2,-1,True,True
7A8I,CRO,3,3,0,2,2,0,True,True
7A8J,CRO,2,3,1,2,3,1,True,True
7A8K,CRO,0,3,3,0,2,2,True,True
7A8L,CRO,1,3,2,1,2,1,True,True
7A8M,CRO,0,3,3,0,2,2,True,True
7A8N,CRO,1,3,2,1,2,1,True,True
7A8O,CRO,3,3,0,3,2,-1,True,True
7AMB,PIA,3,3,0,3,2,-1,True,True
7AMF,PIA,2,2,0,1,2,1,True,True
7AMU,PIA,2,3,1,1,3,2,True,True
7BHG,TUK,0,2,2,0,1,1,False,True
7CAO,QYG,2,3,1,2,2,0,True,True
7CD7,CRO,2,3,1,2,2,0,True,True
7CD8,CRO,3,3,0,3,2,-1,True,True
7DNA,IEY,2,3,1,2,2,0,True,True
7E53,CRO,2,5,3,2,2,0,True,True
7KM4,CRO,2,3,1,1,2,1,True,True
7LG4,GYS,1,3,2,1,2,1,True,True
7LQO,NRQ,0,2,2,0,2,2,True,True
7LUG,NRQ,1,2,1,1,2,1,True,True
7O7C,PIA,6,3,-3,5,3,-2,True,True
7O7D,PIA,3,3,0,3,2,-1,True,True
7O7E,PIA,3,3,0,3,2,-1,True,True
7O7H,PIA,3,3,0,3,2,-1,True,True
7O7U,PIA,3,2,-1,2,2,0,True,True
7O7V,PIA,3,3,0,3,3,0,True,True
7O7W,PIA,1,2,1,1,2,1,True,True
7O7X,PIA,6,3,-3,5,2,-3,True,True
7OIN,NRQ,3,2,-1,2,2,0,True,True
7PCA,CRO,3,3,0,3,2,-1,True,True
7PCZ,CRO,2,3,1,2,2,0,True,True
7PD0,CRO,2,3,1,2,2,0,True,True
7PNN,CR2,2,4,2,2,3,1,True,True
7Q6B,VUB,3,5,2,2,3,1,True,True
7QGK,NRP,2,2,0,2,2,0,True,True
7QLI,PIA,3,4,1,3,2,-1,True,True
7QLJ,PIA,2,4,2,1,2,1,True,True
7QLK,PIA,4,4,0,3,2,-1,True,True
7QLL,PIA,3,4,1,3,2,-1,True,True
7QLM,PIA,2,4,2,2,2,0,True,True
7QLN,PIA,3,3,0,3,3,0,True,True
7QLO,PIA,3,3,0,2,2,0,True,True
7RHA,NRQ,2,3,1,1,3,2,True,True
7RHB,NRQ,1,2,1,1,1,0,True,True
7RHC,NRQ,2,1,-1,2,1,-1,True,True
7RRH,GYC,2,3,1,2,2,0,True,True
7RRI,GYC,0,2,2,0,2,2,True,True
7RRJ,GYC,2,4,2,1,3,2,True,True
7RRK,GYC,3,5,2,3,2,-1,True,True
7RY2,CH6,2,3,1,2,2,0,True,True
7SAH,CRO,2,3,1,2,2,0,True,True
7SAI,CRO,2,3,1,1,2,1,True,True
7SAJ,NRQ,2,1,-1,2,1,-1,True,True
7SAK,NRQ,3,3,0,3,2,-1,True,True
7SAL,NRQ,4,1,-3,3,1,-2,True,True
7SFA,JBY,3,4,1,3,4,1,True,True
7SWR,CRQ,2,3,1,2,2,0,True,True
7SWS,CRQ,2,3,1,2,1,-1,True,True
7SWT,NRQ,2,1,-1,2,1,-1,True,True
7SWU,CIV,2,3,1,2,2,0,True,True
7TSR,PIA,3,4,1,3,3,0,True,True
7TSS,PIA,2,2,0,2,1,-1,True,True
7TSU,PIA,3,4,1,3,3,0,True,True
7TSV,PIA,2,3,1,2,2,0,True,True
7UGR,CR2,2,3,1,2,2,0,True,True
7UGS,CR2,2,3,1,2,3,1,True,True
7UGT,CR2,2,4,2,2,3,1,True,True
7VCM,CRO,2,3,1,2,2,0,True,True
7X2B,NRQ,2,1,-1,2,1,-1,True,True
7Y40,CR2,2,3,1,2,2,0,True,True
7Y96,CRO,0,3,3,0,1,1,True,True
7YAO,CR2,2,4,2,2,3,1,True,True
7YEU,GYS,2,3,1,2,2,0,True,True
7YRE,CR2,1,3,2,1,2,1,True,True
7YV3,CRO,2,3,1,1,2,1,True,True
7YV5,CRO,1,3,2,1,2,1,True,True
7ZCT,NRQ,2,2,0,2,2,0,True,True
8A6G,OHD,0,2,2,0,1,1,True,True
8A6N,OHD,0,2,2,0,1,1,True,True
8A6O,OHD,3,2,-1,3,2,-1,True,True
8A6P,OHD,3,2,-1,3,2,-1,True,True
8A6Q,OHD,0,2,2,0,1,1,True,True
8A6R,OHD,0,2,2,0,1,1,True,True
8A6S,OHD,0,2,2,0,1,1,True,True
8A7V,PIA,5,2,-3,5,1,-4,True,True
8A83,OHD,1,3,2,1,2,1,True,True
8AHA,PIA,3,3,0,3,2,-1,True,True
8AHB,PIA,1,3,2,1,2,1,True,True
8AM4,OHD,2,3,1,2,2,0,True,True
8ARM,NRQ,3,2,-1,2,2,0,True,True
8B65,QYX,2,9,7,2,5,3,True,True
8B6S,CRO,3,3,0,3,2,-1,True,True
8B6T,CRO,3,2,-1,2,2,0,True,True
8BAN,CRO,3,2,-1,1,2,1,True,True
8BAV,CRO,3,3,0,3,2,-1,True,True
8BBJ,CRO,1,4,3,1,2,1,True,True
8BGL,QYX,4,6,2,4,4,0,True,True
8BVG,CR2,1,3,2,1,1,0,True,True
8BXP,CRO,2,3,1,2,2,0,True,True
8BXT,CR2,2,3,1,2,2,0,True,True
8C0T,CR2,2,3,1,2,3,1,True,True
8C1X,CRO,2,3,1,2,2,0,True,True
8C7I,CRO,1,3,2,1,2,1,True,True
8DHR,CRO,3,3,0,3,2,-1,True,True
8DPD,CRO,2,3,1,2,2,0,True,True
8DTA,CRO,3,3,0,3,2,-1,True,True
8G0I,CR2,2,2,0,1,1,0,True,True
8GOS,NRQ,2,1,-1,2,1,-1,True,True
8GYF,CR2,2,3,1,2,2,0,True,True
8I4J,QYG,2,4,2,2,2,0,True,True
8I4K,NRQ,3,3,0,3,2,-1,True,True
8IYY,CRO,2,2,0,1,2,1,True,True
8IYZ,CRF,0,3,3,0,2,2,False,True
8IZ0,GYS,3,3,0,2,2,0,True,True
8IZ1,CRO,2,3,1,1,2,1,True,True
8IZ2,CRO,2,3,1,1,2,1,True,True
8IZ3,CRO,2,3,1,2,2,0,True,True
8J2H,CR2,1,3,2,1,2,1,True,True
8J2I,CR2,2,3,1,2,2,0,True,True
8J2J,CR2,2,3,1,2,2,0,True,True
8J2K,CR2,1,3,2,1,2,1,True,True
8J2L,CR2,1,2,1,1,2,1,True,True
8J3J,CR2,2,3,1,2,2,0,True,True
8JKC,CRO,2,3,1,1,2,1,True,True
8JKG,CRO,2,3,1,1,2,1,True,True
8JKI,CRO,2,3,1,1,2,1,True,True
8JL2,CRO,2,3,1,1,2,1,True,True
8JL5,CRO,2,3,1,1,2,1,True,True
8JL6,CRO,1,2,1,1,2,1,True,True
8JL7,CRO,2,3,1,1,2,1,True,True
8JLL,CRO,2,3,1,1,2,1,True,True
8JLM,CRO,1,3,2,1,2,1,True,True
8JLS,CRO,1,3,2,1,2,1,True,True
8JLT,CRO,3,3,0,2,2,0,True,True
8JLU,CRO,3,3,0,3,2,-1,True,True
8OSI,CR2,1,1,0,0,1,1,True,True
8OVN,CRO,0,3,3,0,2,2,True,True
8OVO,CRO,3,3,0,3,2,-1,True,True
8OVP,CRO,3,3,0,3,2,-1,True,True
8OVY,CRO,3,3,0,3,2,-1,True,True
8PEI,5SQ,1,3,2,1,3,2,True,True
8Q6W,OFM,2,1,-1,2,1,-1,True,True
8Q79,CR2,2,3,1,2,2,0,True,True
8QBJ,CR2,2,3,1,2,2,0,True,True
8QDD,CR2,2,2,0,2,2,0,True,True
8QWJ,CRO,3,3,0,3,2,-1,True,True
8RZZ,CRO,2,4,2,2,3,1,True,True
8S0G,CRO,2,3,1,2,2,0,True,True
8S1L,CRO,0,2,2,0,2,2,True,True
8S1V,CRO,2,4,2,2,3,1,True,True
8SFS,CR2,1,5,4,1,2,1,True,True
8SFV,CR2,3,3,0,3,2,-1,True,True
8SFX,CR2,3,3,0,3,2,-1,True,True
8SFZ,CR2,2,3,1,2,2,0,True,True
8SG3,CR2,1,2,1,0,1,1,True,True
8SLC,CR2,1,2,1,1,1,0,True,True
8SMU,CRO,3,3,0,3,2,-1,True,True
8SXC,NRQ,2,3,1,2,2,0,True,True
8U20,C12,2,4,2,2,2,0,True,True
8U21,C12,2,5,3,2,2,0,True,True
8U22,C12,2,4,2,2,2,0,True,True
8U23,C12,2,3,1,2,2,0,True,True
8U24,C12,2,2,0,2,2,0,True,True
8UL0,A1BE5,2,4,2,1,3,2,True,True
8UL1,PIA,6,8,2,4,4,0,True,True
8UL2,PIA,8,7,-1,5,4,-1,True,True
8UL3,PIA,7,9,2,5,4,-1,True,True
8UL4,PIA,8,9,1,7,4,-3,True,True
8UL5,PIA,8,8,0,6,4,-2,True,True
8UQQ,CR2,2,3,1,2,3,1,True,True
8WGP,CRQ,2,1,-1,1,1,0,True,True
8XC6,CRQ,2,2,0,1,1,0,True,True
8XLD,CR2,1,3,2,1,2,1,True,True
8YDO,GYC,2,2,0,2,0,-2,True,True
8YQ4,CR2,2,3,1,2,2,0,True,True
8ZBO,5SQ,2,6,4,2,3,1,True,True
8ZUP,GYS,2,3,1,2,2,0,True,True
8ZUQ,GYS,2,3,1,2,2,0,True,True
8ZUR,GYS,2,3,1,1,2,1,True,True
8ZUS,GYS,2,3,1,2,2,0,True,True
8ZUT,GYS,2,3,1,2,2,0,True,True
8ZXH,NRQ,2,6,4,2,2,0,True,True
8ZXO,NRQ,3,3,0,2,1,-1,True,True
9BCF,CRO,2,2,0,2,1,-1,True,True
9C74,QCA,3,3,0,3,2,-1,True,True
9CJM,NRQ,2,2,0,1,1,0,True,True
9F22,CRO,2,3,1,1,2,1,True,True
9F23,CRO,3,3,0,3,2,-1,True,True
9F24,CRO,3,3,0,3,2,-1,True,True
9FEL,NRQ,3,3,0,3,1,-2,True,True
9FEM,CR2,2,1,-1,2,1,-1,True,True
9FEN,CRF,0,3,3,0,2,2,False,True
9FEO,OFM,2,1,-1,2,1,-1,True,True
9FEQ,CRF,0,3,3,0,2,2,False,True
9FER,CH6,2,3,1,2,2,0,True,True
9FES,CH6,3,2,-1,2,2,0,True,True
9FGI,CRF,0,3,3,0,2,2,False,True
9G7Q,A1IJF,2,3,1,2,2,0,True,True
9GVR,5SQ,2,5,3,2,2,0,True,True
9H25,QYX,4,10,6,3,8,5,True,True
9IRJ,CRO,2,2,0,2,1,-1,True,True
9J0Q,5SQ,2,5,3,2,2,0,True,True
9J0R,5SQ,2,3,1,2,2,0,True,True
9J11,5SQ,2,5,3,2,2,0,True,True
9JX2,QYX,4,11,7,3,7,4,True,True
9K8W,CR2,0,3,3,0,2,2,True,True
9K8X,CR2,2,3,1,2,2,0,True,True
9LD5,OFM,2,1,-1,2,1,-1,True,True
9LD8,OFM,2,1,-1,2,1,-1,True,True
9LD9,OFM,2,1,-1,2,1,-1,True,True
9LPU,CRQ,3,3,0,3,3,0,True,True
9LSA,CRQ,2,5,3,2,2,0,True,True
9LSC,CRQ,2,4,2,2,2,0,True,True
9LSF,CRQ,2,5,3,2,2,0,True,True
9LSW,CRQ,1,1,0,1,1,0,True,True
9LYL,BF6,0,5,5,0,3,3,False,True
9MUS,SWG,0,3,3,0,2,2,False,True
9MUT,SWG,0,3,3,0,3,3,False,True
9MUU,SWG,0,3,3,0,2,2,False,True
9MUV,SWG,0,3,3,0,2,2,False,True
9R6H,C12,3,3,0,3,2,-1,True,True
9S0T,CRO,2,3,1,2,2,0,True,True
9TAD,GYC,2,2,0,2,2,0,True,True
9U9D,CRO,2,3,1,2,2,0,True,True
