pdb_id,fpbase_slug,fpbase_name,lit_qy_fpbase,ex_max_fpbase,em_max_fpbase,ext_coeff_fpbase,fpbase_state,fpbase_doi,qy_provenance,seq_match_slug,seq_match_name,seq_match_identity,seq_match_n_aligned,lit_qy_fpbase_recovered,ex_max_fpbase_recovered,em_max_fpbase_recovered,ext_coeff_fpbase_recovered
1B9C,,,,,,,,,unmatched,,,,0,,,,
1C4F,gfp-s65t,GFP (S65T),0.64,490.0,510.0,55000.0,default,10.1038/373663b0,pdb_match,,,,0,,,,
1CV7,enhanced-cyan-emitting-gfp,Enhanced Cyan-Emitting GFP,,458.0,485.0,,default,10.1016/s0896-6273(02)01099-1,unmatched,,,,0,,,,
1EMA,gfp-s65t,GFP (S65T),0.64,490.0,510.0,55000.0,default,10.1038/373663b0,pdb_match,,,,0,,,,
1EMB,,,,,,,,,unmatched,,,,0,,,,
1EMC,sg11,sg11,0.84,385.0,506.0,12700.0,default,10.1038/nsb0597-361,pdb_match,,,,0,,,,
1EME,,,,,,,,,unmatched,,,,0,,,,
1EMG,gfp-s65t,GFP (S65T),0.64,490.0,510.0,55000.0,default,10.1038/373663b0,pdb_match,,,,0,,,,
1EML,,,,,,,,,unmatched,,,,0,,,,
1EMM,sg12,sg12,0.85,396.0,508.0,18300.0,default,10.1038/nsb0597-361,pdb_match,,,,0,,,,
1F09,,,,,,,,,unmatched,,,,0,,,,
1F0B,,,,,,,,,unmatched,,,,0,,,,
1G7K,dsred,DsRed,0.68,558.0,583.0,72500.0,default,10.1038/13657,pdb_match,,,,0,,,,
1GGX,dsred,DsRed,0.68,558.0,583.0,72500.0,default,10.1038/13657,pdb_match,,,,0,,,,
1H6R,avgfp523,avGFP523,,512.0,523.0,,default,10.1093/emboj/20.21.5853,unmatched,,,,0,,,,
1HCJ,,,,,,,,,unmatched,,,,0,,,,
1HUY,citrine,Citrine,0.76,516.0,529.0,77000.0,default,10.1074/jbc.m102815200,pdb_match,,,,0,,,,
1JBY,degfp1,deGFP1,0.16,504.0,516.0,28700.0,default,10.1021/bi026609p,pdb_match,,,,0,,,,
1JBZ,degfp1,deGFP1,0.16,504.0,516.0,28700.0,default,10.1021/bi026609p,pdb_match,,,,0,,,,
1JC0,rogfp1,roGFP1,,475.0,508.0,,default,10.1074/jbc.m312846200,unmatched,,,,0,,,,
1JC1,rogfp2,roGFP2,,490.0,511.0,,default,10.1074/jbc.m312846200,unmatched,,,,0,,,,
1KP5,,,,,,,,,unmatched,,,,0,,,,
1MOU,rtms5,Rtms5,0.004,592.0,626.0,80000.0,default,10.1016/s0969-2126(03)00028-5,pdb_match,,,,0,,,,
1MOV,,,,,,,,,unmatched,,,,0,,,,
1MYW,venus,Venus,0.57,515.0,528.0,92200.0,default,10.1038/nbt0102-87,pdb_match,,,,0,,,,
1Q4A,gfp-s65t,GFP (S65T),0.64,490.0,510.0,55000.0,default,10.1038/373663b0,pdb_match,,,,0,,,,
1Q4B,gfp-s65t,GFP (S65T),0.64,490.0,510.0,55000.0,default,10.1038/373663b0,pdb_match,,,,0,,,,
1Q4C,,,,,,,,,unmatched,,,,0,,,,
1Q4D,,,,,,,,,unmatched,,,,0,,,,
1Q4E,,,,,,,,,unmatched,,,,0,,,,
1Q73,,,,,,,,,unmatched,,,,0,,,,
1QYF,,,,,,,,,unmatched,,,,0,,,,
1RMM,avgfp510,avGFP510,,488.0,510.0,,default,10.1515/bc.2004.038,unmatched,,,,0,,,,
1RMO,,,,,,,,,unmatched,,,,0,,,,
1RMP,avgfp509,avGFP509,,487.0,509.0,,default,10.1515/bc.2004.038,unmatched,,,,0,,,,
1RRX,3-ftyr-egfp,(3-F)Tyr-EGFP,,484.0,514.0,,default,10.1002/cbic.200300818,unmatched,,,,0,,,,
1S6Z,,,,,,,,,unmatched,,,,0,,,,
1UIS,eqfp611,eqFP611,0.45,559.0,611.0,78000.0,default,10.1073/pnas.182157199,pdb_match,,,,0,,,,
1W7S,,,0.79,395.0,509.0,25000.0,,,seq_match_99,avgfp,avGFP,0.9955947136563876,226,0.79,395.0,509.0,25000.0
1W7T,,,,,,,,,unmatched,,,,0,,,,
1W7U,,,,,,,,,unmatched,,,,0,,,,
1XA9,,,0.42,528.0,538.0,20200.0,,,seq_match_99,zfp538,zFP538,1.0,224,0.42,528.0,538.0,20200.0
1XAE,zfp538,zFP538,0.42,528.0,538.0,20200.0,default,10.1038/13657,pdb_match,,,,0,,,,
1XMZ,,,,,,,,,unmatched,,,,0,,,,
1XQM,asulcp,asulCP,0.001,572.0,595.0,120000.0,default,10.1074/jbc.c000338200,pdb_match,,,,0,,,,
1XSS,kikg,KikG,0.68,507.0,517.0,81000.0,default,10.1038/sj.embor.7400361,pdb_match,,,,0,,,,
1YFP,,,,,,,,,unmatched,,,,0,,,,
1YZW,hcred,HcRed,0.015,592.0,645.0,20000.0,default,10.1016/s0014-5793(01)02930-1,pdb_match,,,,0,,,,
1Z1P,,,,,,,,,unmatched,,,,0,,,,
1Z1Q,,,,,,,,,unmatched,,,,0,,,,
1ZGO,dsred,DsRed,0.68,558.0,583.0,72500.0,default,10.1038/13657,pdb_match,,,,0,,,,
1ZGP,,,0.68,558.0,583.0,72500.0,,,seq_match_99,dsred,DsRed,0.9953917050691244,216,0.68,558.0,583.0,72500.0
1ZGQ,,,0.68,558.0,583.0,72500.0,,,seq_match_99,dsred,DsRed,1.0,217,0.68,558.0,583.0,72500.0
2A46,amfp486,amFP486,0.24,458.0,486.0,40000.0,default,10.1038/13657,pdb_match,,,,0,,,,
2A47,amfp515,amFP515,0.006,500.0,515.0,,default,10.1073/pnas.0502250102,pdb_match,,,,0,,,,
2A48,amfp506,amFP506,0.67,483.0,506.0,,default,10.1073/pnas.0502250102,pdb_match,,,,0,,,,
2A50,,,,,,,,,unmatched,,,,0,,,,
2A52,,,,,,,,,unmatched,,,,0,,,,
2A53,,,,,,,,,unmatched,,,,0,,,,
2A54,,,,,,,,,unmatched,,,,0,,,,
2A56,,,,,,,,,unmatched,,,,0,,,,
2AH8,rogfp1-r1,roGFP1-R1,,400.0,508.0,,default,10.1074/jbc.m312846200,unmatched,,,,0,,,,
2AHA,rogfp1-r8,roGFP1-R8,,400.0,511.0,,default,10.1074/jbc.m312846200,unmatched,,,,0,,,,
2ARL,,,,,,,,,unmatched,,,,0,,,,
2AWK,,,,,,,,,unmatched,,,,0,,,,
2AWL,,,,,,,,,unmatched,,,,0,,,,
2AWM,,,,,,,,,unmatched,,,,0,,,,
2B3P,superfolder-gfp,Superfolder GFP,0.65,488.0,510.0,83300.0,default,10.1038/nbt1172,pdb_match,,,,0,,,,
2B3Q,folding-reporter-gfp,Folding Reporter GFP,0.72,490.0,530.0,82400.0,default,10.1038/10904,pdb_match,,,,0,,,,
2BTJ,,,,,,,,,unmatched,,,,0,,,,
2C9I,asfp499,asFP499,,480.0,499.0,,default,10.1073/pnas.97.26.14091,unmatched,,,,0,,,,
2C9J,,,,,,,,,unmatched,,,,0,,,,
2DD7,cpygfp,CpYGFP,0.53,508.0,518.0,101000.0,Default,10.1016/j.gene.2005.11.031,pdb_match,,,,0,,,,
2DD9,,,0.53,508.0,518.0,101000.0,,,seq_match_99,cpygfp,CpYGFP,0.9953271028037384,213,0.53,508.0,518.0,101000.0
2DUE,,,,,,,,,unmatched,,,,0,,,,
2DUF,,,,,,,,,unmatched,,,,0,,,,
2DUG,,,,,,,,,unmatched,,,,0,,,,
2DUH,,,,,,,,,unmatched,,,,0,,,,
2DUI,,,,,,,,,unmatched,,,,0,,,,
2FL1,,,,,,,,,unmatched,,,,0,,,,
2FZU,,,0.72,490.0,530.0,82400.0,,,seq_match_99,folding-reporter-gfp,Folding Reporter GFP,0.9957081545064378,232,0.72,490.0,530.0,82400.0
2G3O,pplugfp2,ppluGFP2,0.6,482.0,502.0,70000.0,default,10.1093/molbev/msh079,pdb_match,,,,0,,,,
2G6X,turbogfp,TurboGFP,0.53,482.0,502.0,70000.0,default,10.1038/sj.embor.7400787,pdb_match,,,,0,,,,
2G6Y,,,,,,,,,unmatched,,,,0,,,,
2GW4,,,,,,,,,unmatched,,,,0,,,,
2GX0,dronpa,Dronpa,0.85,503.0,518.0,95000.0,On,10.1126/science.1102506,pdb_match,,,,0,,,,
2GX2,,,0.85,503.0,518.0,95000.0,,,seq_match_99,dronpa,Dronpa,1.0,214,0.85,503.0,518.0,95000.0
2H5O,morange,mOrange,0.69,548.0,562.0,71000.0,default,10.1038/nbt1037,pdb_match,,,,0,,,,
2H5P,,,,,,,,,unmatched,,,,0,,,,
2H5Q,mcherry,mCherry,0.22,587.0,610.0,72000.0,default,10.1038/nbt1037,pdb_match,,,,0,,,,
2H5R,mstrawberry,mStrawberry,0.29,574.0,596.0,90000.0,default,10.1038/nbt1037,pdb_match,,,,0,,,,
2H6V,,,,,,,,,unmatched,,,,0,,,,
2H8Q,,,0.68,558.0,583.0,72500.0,,,seq_match_99,dsred,DsRed,0.9953703703703703,215,0.68,558.0,583.0,72500.0
2H9W,,,,,,,,,unmatched,,,,0,,,,
2HGD,,,,,,,,,unmatched,,,,0,,,,
2HJO,,,,,,,,,unmatched,,,,0,,,,
2HPW,,,,,,,,,unmatched,,,,0,,,,
2HQK,mtfp1,mTFP1,0.85,462.0,492.0,64000.0,default,10.1042/bj20060874,pdb_match,,,,0,,,,
2HQZ,,,,,,,,,unmatched,,,,0,,,,
2HRS,,,,,,,,,unmatched,,,,0,,,,
2IB5,cjblue,cjBlue,0.0001,610.0,620.0,66700.0,default,10.1074/jbc.m606921200,pdb_match,,,,0,,,,
2IB6,,,0.0001,610.0,620.0,66700.0,,,seq_match_99,cjblue,cjBlue,1.0,225,0.0001,610.0,620.0,66700.0
2ICR,,,,,,,,,unmatched,,,,0,,,,
2IE2,dronpa,Dronpa,0.85,503.0,518.0,95000.0,On,10.1126/science.1102506,pdb_match,,,,0,,,,
2IOV,dronpa,Dronpa,0.85,503.0,518.0,95000.0,On,10.1126/science.1102506,pdb_match,,,,0,,,,
2JAD,,,,,,,,,unmatched,,,,0,,,,
2O24,,,,,,,,,unmatched,,,,0,,,,
2O29,,,,,,,,,unmatched,,,,0,,,,
2O2B,,,,,,,,,unmatched,,,,0,,,,
2OGR,,,0.42,528.0,538.0,20200.0,,,seq_match_99,zfp538,zFP538,1.0,222,0.42,528.0,538.0,20200.0
2OJK,zsgreen,ZsGreen,0.63,496.0,506.0,35600.0,default,10.1038/13657,pdb_match,,,,0,,,,
2OKW,egfp205c,eGFP205C,,489.0,509.0,,default,10.1110/ps.073358908,unmatched,,,,0,,,,
2OKY,egfp203c,eGFP203C,,498.0,509.0,,default,10.1110/ps.073358908,unmatched,,,,0,,,,
2OTB,mtfp07,mTFP0.7,0.5,453.0,488.0,60000.0,On,10.1042/bj20060874,pdb_match,,,,0,,,,
2OTE,mtfp07,mTFP0.7,0.5,453.0,488.0,60000.0,On,10.1042/bj20060874,pdb_match,,,,0,,,,
2P4M,,,0.004,592.0,626.0,80000.0,,,seq_match_99,rtms5,Rtms5,0.9908256880733946,216,0.004,592.0,626.0,80000.0
2POX,dronpa,Dronpa,0.85,503.0,518.0,95000.0,On,10.1126/science.1102506,pdb_match,,,,0,,,,
2PXS,,,0.63,496.0,506.0,35600.0,,,seq_match_99,zsgreen,ZsGreen,1.0,225,0.63,496.0,506.0,35600.0
2PXW,,,0.63,496.0,506.0,35600.0,,,seq_match_99,zsgreen,ZsGreen,1.0,225,0.63,496.0,506.0,35600.0
2Q57,cerulean,Cerulean,0.62,433.0,475.0,43000.0,default,10.1038/nbt945,pdb_match,,,,0,,,,
2Q6P,superfolder-gfp,Superfolder GFP,0.65,488.0,510.0,83300.0,default,10.1038/nbt1172,pdb_match,,,,0,,,,
2QLE,,,,,,,,,unmatched,,,,0,,,,
2QLG,mplum,mPlum,0.1,590.0,649.0,41000.0,default,10.1073/pnas.0407752101,pdb_match,,,,0,,,,
2QLH,,,,,,,,,unmatched,,,,0,,,,
2QLI,,,,,,,,,unmatched,,,,0,,,,
2QRF,,,,,,,,,unmatched,,,,0,,,,
2QT2,,,,,,,,,unmatched,,,,0,,,,
2QU1,,,,,,,,,unmatched,,,,0,,,,
2QZ0,,,,,,,,,unmatched,,,,0,,,,
2RH7,,,,,,,,,unmatched,,,,0,,,,
2V4E,dsred-max,DsRed-Max,0.41,560.0,589.0,48000.0,default,10.1038/nmeth.1264,pdb_match,,,,0,,,,
2VAD,dsredm1,DsRed.M1,0.14,558.0,587.0,27300.0,default,10.1093/protein/gzm046,pdb_match,,,,0,,,,
2VAE,dsredt4,DsRed.T4,0.44,555.0,586.0,30300.0,default,10.1038/nbt0102-83,pdb_match,,,,0,,,,
2VVH,irisfp,IrisFP,0.43,488.0,516.0,52200.0,Green,10.1073/pnas.0805949105,pdb_match,,,,0,,,,
2VVI,irisfp,IrisFP,0.43,488.0,516.0,52200.0,Green,10.1073/pnas.0805949105,pdb_match,,,,0,,,,
2VVJ,irisfp,IrisFP,0.43,488.0,516.0,52200.0,Green,10.1073/pnas.0805949105,pdb_match,,,,0,,,,
2VZX,dendra2,Dendra2,0.5,490.0,507.0,45000.0,Green,10.1038/nbt1191,pdb_match,,,,0,,,,
2WHS,mkeima,mKeima,0.24,440.0,620.0,14400.0,pH7.4,10.1038/nbt1207,pdb_match,,,,0,,,,
2WHT,mkeima,mKeima,0.24,440.0,620.0,14400.0,pH7.4,10.1038/nbt1207,pdb_match,,,,0,,,,
2WHU,mkeima,mKeima,0.24,440.0,620.0,14400.0,pH7.4,10.1038/nbt1207,pdb_match,,,,0,,,,
2WIQ,killerred,KillerRed,0.25,585.0,610.0,45000.0,default,10.1038/nbt1175,pdb_match,,,,0,,,,
2WIS,,,,,,,,,unmatched,,,,0,,,,
2WSN,ecfp,ECFP,0.4,434.0,477.0,32500.0,default,10.1016/s0960-9822(02)00450-5,pdb_match,,,,0,,,,
2WSO,cerulean,Cerulean,0.62,433.0,475.0,43000.0,default,10.1038/nbt945,pdb_match,,,,0,,,,
2WUR,,,0.14,463.0,506.0,23900.0,,,seq_match_99,cgfp,CGFP,0.9911894273127754,225,0.14,463.0,506.0,23900.0
2Y0G,egfp,EGFP,0.6,488.0,507.0,55900.0,default,10.1016/0378-1119(95)00685-0,pdb_match,,,,0,,,,
2YDZ,scfp3a,SCFP3A,0.56,433.0,474.0,30000.0,default,10.1021/bi0516273,pdb_match,,,,0,,,,
2YFP,,,,,,,,,unmatched,,,,0,,,,
2Z1O,,,,,,,,,unmatched,,,,0,,,,
2Z6X,,,,,,,,,unmatched,,,,0,,,,
2Z6Y,,,0.85,503.0,518.0,95000.0,,,seq_match_99,dronpa,Dronpa,1.0,214,0.85,503.0,518.0,95000.0
2Z6Z,,,0.85,503.0,518.0,95000.0,,,seq_match_99,dronpa,Dronpa,1.0,216,0.85,503.0,518.0,95000.0
2ZMU,,,0.6,548.0,559.0,51600.0,,,seq_match_99,mko,mKO,1.0,213,0.6,548.0,559.0,51600.0
2ZMW,,,0.6,548.0,559.0,51600.0,,,seq_match_99,mko,mKO,1.0,213,0.6,548.0,559.0,51600.0
2ZO6,kcy,KCY,0.85,455.0,488.0,38700.0,default,10.1021/bi801658p,pdb_match,,,,0,,,,
2ZO7,kcy-r1,KCY-R1,0.75,461.0,492.0,21200.0,default,10.1021/bi801658p,pdb_match,,,,0,,,,
3A8S,,,,,,,,,unmatched,,,,0,,,,
3ADF,mazamigreen,mAzamiGreen,0.81,492.0,505.0,41800.0,default,10.1074/jbc.m304063200,pdb_match,,,,0,,,,
3AI4,,,,,,,,,unmatched,,,,0,,,,
3AI5,,,,,,,,,unmatched,,,,0,,,,
3BX9,mkate,mKate,0.33,588.0,635.0,45000.0,default,10.1038/nmeth1083,pdb_match,,,,0,,,,
3BXA,mkate,mKate,0.33,588.0,635.0,45000.0,default,10.1038/nmeth1083,pdb_match,,,,0,,,,
3BXB,mkate,mKate,0.33,588.0,635.0,45000.0,default,10.1038/nmeth1083,pdb_match,,,,0,,,,
3BXC,mkate,mKate,0.33,588.0,635.0,45000.0,default,10.1038/nmeth1083,pdb_match,,,,0,,,,
3CB9,,,,,,,,,unmatched,,,,0,,,,
3CBE,,,,,,,,,unmatched,,,,0,,,,
3CD1,,,,,,,,,unmatched,,,,0,,,,
3CD9,,,,,,,,,unmatched,,,,0,,,,
3CFA,,,,,,,,,unmatched,,,,0,,,,
3CFF,,,,,,,,,unmatched,,,,0,,,,
3CFH,,,,,,,,,unmatched,,,,0,,,,
3CGL,dsfp483,dsFP483,0.46,443.0,483.0,23900.0,default,10.1038/13657,pdb_match,,,,0,,,,
3DPW,citrine,Citrine,0.76,516.0,529.0,77000.0,default,10.1074/jbc.m102815200,pdb_match,,,,0,,,,
3DPX,,,0.76,516.0,529.0,77000.0,,,seq_match_99,citrine,Citrine,0.991304347826087,228,0.76,516.0,529.0,77000.0
3DPZ,,,0.76,516.0,529.0,77000.0,,,seq_match_99,citrine,Citrine,0.991304347826087,228,0.76,516.0,529.0,77000.0
3DQ1,,,0.76,516.0,529.0,77000.0,,,seq_match_99,citrine,Citrine,0.991304347826087,228,0.76,516.0,529.0,77000.0
3DQ2,,,0.76,516.0,529.0,77000.0,,,seq_match_99,citrine,Citrine,0.991304347826087,228,0.76,516.0,529.0,77000.0
3DQ3,,,0.76,516.0,529.0,77000.0,,,seq_match_99,citrine,Citrine,0.991304347826087,228,0.76,516.0,529.0,77000.0
3DQ4,,,0.76,516.0,529.0,77000.0,,,seq_match_99,citrine,Citrine,0.991304347826087,228,0.76,516.0,529.0,77000.0
3DQ5,,,0.76,516.0,529.0,77000.0,,,seq_match_99,citrine,Citrine,0.991304347826087,228,0.76,516.0,529.0,77000.0
3DQ6,,,0.76,516.0,529.0,77000.0,,,seq_match_99,citrine,Citrine,0.991304347826087,228,0.76,516.0,529.0,77000.0
3DQ7,,,0.76,516.0,529.0,77000.0,,,seq_match_99,citrine,Citrine,0.991304347826087,228,0.76,516.0,529.0,77000.0
3DQ8,,,0.76,516.0,529.0,77000.0,,,seq_match_99,citrine,Citrine,0.991304347826087,228,0.76,516.0,529.0,77000.0
3DQ9,,,0.76,516.0,529.0,77000.0,,,seq_match_99,citrine,Citrine,0.991304347826087,228,0.76,516.0,529.0,77000.0
3DQA,,,0.76,516.0,529.0,77000.0,,,seq_match_99,citrine,Citrine,0.991304347826087,228,0.76,516.0,529.0,77000.0
3DQC,,,0.76,516.0,529.0,77000.0,,,seq_match_99,citrine,Citrine,0.991304347826087,228,0.76,516.0,529.0,77000.0
3DQD,,,0.76,516.0,529.0,77000.0,,,seq_match_99,citrine,Citrine,0.991304347826087,228,0.76,516.0,529.0,77000.0
3DQE,,,0.76,516.0,529.0,77000.0,,,seq_match_99,citrine,Citrine,0.991304347826087,228,0.76,516.0,529.0,77000.0
3DQF,,,0.76,516.0,529.0,77000.0,,,seq_match_99,citrine,Citrine,0.991304347826087,228,0.76,516.0,529.0,77000.0
3DQH,,,0.76,516.0,529.0,77000.0,,,seq_match_99,citrine,Citrine,0.991304347826087,228,0.76,516.0,529.0,77000.0
3DQI,,,0.76,516.0,529.0,77000.0,,,seq_match_99,citrine,Citrine,0.991304347826087,228,0.76,516.0,529.0,77000.0
3DQJ,,,0.76,516.0,529.0,77000.0,,,seq_match_99,citrine,Citrine,0.991304347826087,228,0.76,516.0,529.0,77000.0
3DQK,,,0.76,516.0,529.0,77000.0,,,seq_match_99,citrine,Citrine,0.991304347826087,228,0.76,516.0,529.0,77000.0
3DQL,,,0.76,516.0,529.0,77000.0,,,seq_match_99,citrine,Citrine,0.991304347826087,228,0.76,516.0,529.0,77000.0
3DQM,,,0.76,516.0,529.0,77000.0,,,seq_match_99,citrine,Citrine,0.991304347826087,228,0.76,516.0,529.0,77000.0
3DQN,,,0.76,516.0,529.0,77000.0,,,seq_match_99,citrine,Citrine,0.991304347826087,228,0.76,516.0,529.0,77000.0
3DQO,,,0.76,516.0,529.0,77000.0,,,seq_match_99,citrine,Citrine,0.991304347826087,228,0.76,516.0,529.0,77000.0
3DQU,,,0.76,516.0,529.0,77000.0,,,seq_match_99,citrine,Citrine,0.991304347826087,228,0.76,516.0,529.0,77000.0
3E5T,eqfp611-v124t,eqFP611 V124T,0.42,559.0,611.0,74000.0,default,10.1117/1.1854680,pdb_match,,,,0,,,,
3E5V,rfp630,RFP630,0.35,583.0,630.0,50000.0,default,10.1016/j.chembiol.2008.02.008,pdb_match,,,,0,,,,
3E5W,,,0.18,588.0,639.0,69000.0,,,seq_match_99,rfp639,RFP639,1.0,226,0.18,588.0,639.0,69000.0
3ED8,,,,,,,,,unmatched,,,,0,,,,
3EVP,cegfp,cEGFP,,489.0,507.0,,default,10.1016/j.str.2008.10.008,unmatched,,,,0,,,,
3EVR,gcamp2,GCaMP2,,487.0,508.0,,default,10.1073/pnas.0509378103,unmatched,,,,0,,,,
3G9A,,,,,,,,,unmatched,,,,0,,,,
3GB3,killerred,KillerRed,0.25,585.0,610.0,45000.0,default,10.1038/nbt1175,pdb_match,,,,0,,,,
3GEX,,,,,,,,,unmatched,,,,0,,,,
3GJ1,,,,,,,,,unmatched,,,,0,,,,
3GJ2,,,,,,,,,unmatched,,,,0,,,,
3GL4,,,0.25,585.0,610.0,45000.0,,,seq_match_99,killerred,KillerRed,1.0,229,0.25,585.0,610.0,45000.0
3H1O,,,0.1,611.0,657.0,34000.0,,,seq_match_99,tagrfp657,TagRFP657,0.9910313901345291,221,0.1,611.0,657.0,34000.0
3H1R,,,0.1,611.0,657.0,34000.0,,,seq_match_99,tagrfp657,TagRFP657,0.9910313901345291,221,0.1,611.0,657.0,34000.0
3I19,,,,,,,,,unmatched,,,,0,,,,
3IP2,neptune,Neptune,0.18,600.0,650.0,72000.0,default,10.1016/j.chembiol.2009.10.009,pdb_match,,,,0,,,,
3IR8,mkeima,mKeima,0.24,440.0,620.0,14400.0,pH7.4,10.1038/nbt1207,pdb_match,,,,0,,,,
3K1K,,,,,,,,,unmatched,,,,0,,,,
3KCS,,,,,,,,,unmatched,,,,0,,,,
3KCT,,,,,,,,,unmatched,,,,0,,,,
3LA1,,,0.51,435.0,477.0,35000.0,,,seq_match_99,cypet,CyPet,0.9957446808510638,234,0.51,435.0,477.0,35000.0
3LF3,,,,,,,,,unmatched,,,,0,,,,
3LF4,blue102,Blue102,0.9,403.0,454.0,11400.0,Blue form,10.1021/ja908418r,pdb_match,,,,0,,,,
3LS3,,,0.61,505.0,522.0,36000.0,,,seq_match_99,padron09,Padron0.9,1.0,215,0.61,505.0,522.0,36000.0
3LSA,,,,,,,,,unmatched,,,,0,,,,
3LVA,acegfp,aceGFP,0.55,480.0,505.0,50000.0,default,10.1074/jbc.m109.092320,pdb_match,,,,0,,,,
3LVC,,,,,,,,,unmatched,,,,0,,,,
3LVD,,,,,,,,,unmatched,,,,0,,,,
3MGF,mko,mKO,0.6,548.0,559.0,51600.0,default,10.1042/bj20040321,pdb_match,,,,0,,,,
3NED,mrouge,mRouge,0.02,600.0,637.0,43000.0,default,10.1073/pnas.1013910107,pdb_match,,,,0,,,,
3NEZ,mrojoa,mRojoA,0.02,597.0,633.0,48000.0,default,10.1073/pnas.1013910107,pdb_match,,,,0,,,,
3NF0,,,0.1,590.0,649.0,41000.0,,,seq_match_99,mplum,mPlum,0.9907834101382489,215,0.1,590.0,649.0,41000.0
3OGO,,,0.6,488.0,507.0,55900.0,,,seq_match_99,egfp,EGFP,1.0,231,0.6,488.0,507.0,55900.0
3P28,,,,,,,,,unmatched,,,,0,,,,
3PIB,,,0.37,588.0,633.0,132500.0,,,seq_match_99,tdkatushka2,tdKatushka2,0.995575221238938,225,0.37,588.0,633.0,132500.0
3PJ5,katushka,Katushka,0.34,588.0,635.0,65000.0,default,10.1038/nmeth1083,pdb_match,,,,0,,,,
3PJ7,katushka,Katushka,0.34,588.0,635.0,65000.0,default,10.1038/nmeth1083,pdb_match,,,,0,,,,
3PJB,,,0.37,588.0,633.0,132500.0,,,seq_match_99,tdkatushka2,tdKatushka2,1.0,222,0.37,588.0,633.0,132500.0
3RWA,cp-mkate,cp-mKate,0.33,588.0,620.0,,default,10.1371/journal.pone.0020505,pdb_match,,,,0,,,,
3RWT,,,,,,,,,unmatched,,,,0,,,,
3SRY,,,,,,,,,unmatched,,,,0,,,,
3SS0,,,,,,,,,unmatched,,,,0,,,,
3SSH,,,,,,,,,unmatched,,,,0,,,,
3SSK,,,,,,,,,unmatched,,,,0,,,,
3SSL,,,,,,,,,unmatched,,,,0,,,,
3SSP,,,0.67,513.0,527.0,67000.0,,,seq_match_99,eyfp,EYFP,0.9912280701754386,226,0.67,513.0,527.0,67000.0
3SST,,,0.67,513.0,527.0,67000.0,,,seq_match_99,eyfp,EYFP,0.9912280701754386,226,0.67,513.0,527.0,67000.0
3SSV,,,0.67,513.0,527.0,67000.0,,,seq_match_99,eyfp,EYFP,0.9912280701754386,226,0.67,513.0,527.0,67000.0
3SSY,,,,,,,,,unmatched,,,,0,,,,
3ST0,,,,,,,,,unmatched,,,,0,,,,
3ST2,dreiklang,Dreiklang,0.41,511.0,529.0,83000.0,On,10.1038/nbt.1952,pdb_match,,,,0,,,,
1BFP,,,,,,,,,unmatched,,,,0,,,,
1EMF,sg50,sg50,0.25,384.0,450.0,16500.0,default,10.1038/nsb0597-361,pdb_match,,,,0,,,,
1EMK,sg25,sg25,0.76,474.0,506.0,26200.0,default,10.1038/nsb0597-361,pdb_match,,,,0,,,,
1KYP,,,,,,,,,unmatched,,,,0,,,,
1KYR,,,,,,,,,unmatched,,,,0,,,,
1KYS,,,,,,,,,unmatched,,,,0,,,,
2EMD,sg42,sg42,0.24,384.0,450.0,15600.0,default,10.1038/nsb0597-361,pdb_match,,,,0,,,,
2EMN,,,,,,,,,unmatched,,,,0,,,,
2EMO,,,,,,,,,unmatched,,,,0,,,,
2FWQ,,,0.72,490.0,530.0,82400.0,,,seq_match_99,folding-reporter-gfp,Folding Reporter GFP,0.9913793103448276,230,0.72,490.0,530.0,82400.0
2YE0,,,,,,,,,unmatched,,,,0,,,,
2YE1,turquoise-gl,Turquoise-GL,0.82,434.0,474.0,30000.0,default,10.1038/nmeth.1415,pdb_match,,,,0,,,,
3ST4,dreiklang,Dreiklang,0.41,511.0,529.0,83000.0,On,10.1038/nbt.1952,pdb_match,,,,0,,,,
3SV5,clomeleon,Clomeleon,,485.0,535.0,,default,10.1523/jneurosci.4616-11.2013,unmatched,,,,0,,,,
3SVB,,,,,,,,,unmatched,,,,0,,,,
3SVC,,,,,,,,,unmatched,,,,0,,,,
3SVD,,,,,,,,,unmatched,,,,0,,,,
3SVE,,,0.67,513.0,527.0,67000.0,,,seq_match_99,eyfp,EYFP,0.9912280701754386,226,0.67,513.0,527.0,67000.0
3U0K,rcamp,RCaMP,0.14,575.0,602.0,,default,10.3389/fnmol.2013.00002,pdb_match,,,,0,,,,
3U0L,mruby,mRuby,0.35,558.0,605.0,112000.0,default,10.1371/journal.pone.0004391,pdb_match,,,,0,,,,
3U0M,mruby,mRuby,0.35,558.0,605.0,112000.0,default,10.1371/journal.pone.0004391,pdb_match,,,,0,,,,
3U0N,mruby,mRuby,0.35,558.0,605.0,112000.0,default,10.1371/journal.pone.0004391,pdb_match,,,,0,,,,
3U8P,,,,,,,,,unmatched,,,,0,,,,
3UFZ,,,,,,,,,unmatched,,,,0,,,,
3UG0,,,,,,,,,unmatched,,,,0,,,,
3V3D,shardonnay,SHardonnay,0.75,511.0,530.0,89000.0,default,10.1021/ja400098b,pdb_match,,,,0,,,,
3VHT,,,0.39,506.0,513.0,58191.0,,,seq_match_99,gfpmut3,GFPmut3,0.9956140350877193,227,0.39,506.0,513.0,58191.0
3VIC,,,0.004,592.0,626.0,80000.0,,,seq_match_99,rtms5,Rtms5,1.0,217,0.004,592.0,626.0,80000.0
3VK1,,,0.004,592.0,626.0,80000.0,,,seq_match_99,rtms5,Rtms5,0.9953703703703703,215,0.004,592.0,626.0,80000.0
3W1C,,,0.67,513.0,527.0,67000.0,,,seq_match_99,eyfp,EYFP,0.9956140350877193,227,0.67,513.0,527.0,67000.0
3W1D,,,,,,,,,unmatched,,,,0,,,,
3WCK,,,,,,,,,unmatched,,,,0,,,,
3ZTF,mturquoise2,mTurquoise2,0.93,434.0,474.0,30000.0,default,10.1038/ncomms1738,pdb_match,,,,0,,,,
3ZUF,,,,,,,,,unmatched,,,,0,,,,
3ZUJ,,,,,,,,,unmatched,,,,0,,,,
3ZUL,padron09,Padron0.9,0.61,505.0,522.0,36000.0,On,10.1074/jbc.m109.086314,pdb_match,,,,0,,,,
4ANJ,,,,,,,,,unmatched,,,,0,,,,
4AR7,mturquoise,mTurquoise,0.84,434.0,474.0,30000.0,default,10.1038/nmeth.1415,pdb_match,,,,0,,,,
4AS8,,,0.62,433.0,475.0,43000.0,,,seq_match_99,cerulean,Cerulean,1.0,228,0.62,433.0,475.0,43000.0
4B30,a44-kr,A44-KR,,397.0,520.0,,default,10.1021/ja3073337,unmatched,,,,0,,,,
4B5Y,,,0.82,434.0,474.0,30000.0,,,seq_match_99,turquoise-gl,Turquoise-GL,1.0,229,0.82,434.0,474.0,30000.0
4BDU,,,,,,,,,unmatched,,,,0,,,,
4DKM,bflogfpc1,bfloGFPc1,0.0015,493.0,521.0,98800.0,default,10.1038/srep05469,pdb_match,,,,0,,,,
4DKN,,,1.0,500.0,512.0,120900.0,,,seq_match_99,bflogfpa1,bfloGFPa1,1.0,209,1.0,500.0,512.0,120900.0
4EDO,eqfp650,eqFP650,0.24,592.0,650.0,65000.0,default,10.1038/nmeth.1501,pdb_match,,,,0,,,,
4EDS,eqfp670,eqFP670,0.06,605.0,670.0,70000.0,default,10.1038/nmeth.1501,pdb_match,,,,0,,,,
4EMQ,,,0.85,503.0,518.0,95000.0,,,seq_match_99,dronpa,Dronpa,0.9953271028037384,213,0.85,503.0,518.0,95000.0
4EN1,mcerulean3,mCerulean3,0.87,433.0,475.0,40000.0,default,10.1371/journal.pone.0017896,pdb_match,,,,0,,,,
4EUL,egfp,EGFP,0.6,488.0,507.0,55900.0,default,10.1016/0378-1119(95)00685-0,pdb_match,,,,0,,,,
4H3L,mplum-e16p,mPlum-E16P,0.14,590.0,630.0,,default,10.1371/journal.pone.0052463,pdb_match,,,,0,,,,
4H3M,,,,,,,,,unmatched,,,,0,,,,
4H3N,,,,,,,,,unmatched,,,,0,,,,
4H47,,,,,,,,,unmatched,,,,0,,,,
4H48,,,,,,,,,unmatched,,,,0,,,,
4HE4,phiyfp,phiYFP,0.6,525.0,537.0,115000.0,default,10.1093/molbev/msh079,pdb_match,,,,0,,,,
4HQC,pcdronpa,pcDronpa,0.85,505.0,517.0,115000.0,Green,10.1021/nn4060144,pdb_match,,,,0,,,,
4HVF,lagfp,laGFP,,502.0,511.0,,default,10.1107/s0907444913015424,unmatched,,,,0,,,,
4IK1,,,,,,,,,unmatched,,,,0,,,,
4IK3,,,,,,,,,unmatched,,,,0,,,,
4IK4,,,,,,,,,unmatched,,,,0,,,,
4IK5,,,,,,,,,unmatched,,,,0,,,,
4IK8,,,,,,,,,unmatched,,,,0,,,,
4IK9,,,,,,,,,unmatched,,,,0,,,,
4J88,,,0.65,488.0,510.0,83300.0,,,seq_match_99,superfolder-gfp,Superfolder GFP,1.0,227,0.65,488.0,510.0,83300.0
4J89,,,0.65,488.0,510.0,83300.0,,,seq_match_99,superfolder-gfp,Superfolder GFP,0.9956140350877193,227,0.65,488.0,510.0,83300.0
4J8A,,,0.65,488.0,510.0,83300.0,,,seq_match_99,superfolder-gfp,Superfolder GFP,0.9911894273127754,225,0.65,488.0,510.0,83300.0
4JC2,,,,,,,,,unmatched,,,,0,,,,
4JEO,,,0.1,521.0,592.0,71000.0,,,seq_match_99,lanrfp-deltas83l,lanRFP-ΔS83l,0.9907834101382489,215,0.1,521.0,592.0,71000.0
4JF9,larfp,laRFP,0.1,521.0,592.0,71000.0,default,10.1107/s0907444913015424,pdb_match,,,,0,,,,
4JGE,lanrfp-deltas83l,lanRFP-ΔS83l,0.1,521.0,592.0,71000.0,default,10.1107/s0907444913015424,pdb_match,,,,0,,,,
4JRB,,,,,,,,,unmatched,,,,0,,,,
4KA9,,,0.6,488.0,507.0,55900.0,,,seq_match_99,egfp,EGFP,1.0,229,0.6,488.0,507.0,55900.0
4KAG,,,,,,,,,unmatched,,,,0,,,,
4KEX,,,,,,,,,unmatched,,,,0,,,,
4KF4,,,,,,,,,unmatched,,,,0,,,,
4KF5,,,,,,,,,unmatched,,,,0,,,,
4KPI,,,,,,,,,unmatched,,,,0,,,,
4KW4,,,,,,,,,unmatched,,,,0,,,,
4KW8,,,,,,,,,unmatched,,,,0,,,,
4KW9,,,,,,,,,unmatched,,,,0,,,,
4L12,,,,,,,,,unmatched,,,,0,,,,
4L13,,,,,,,,,unmatched,,,,0,,,,
4L1I,,,,,,,,,unmatched,,,,0,,,,
4LQT,,,,,,,,,unmatched,,,,0,,,,
4LQU,,,,,,,,,unmatched,,,,0,,,,
4LW5,,,,,,,,,unmatched,,,,0,,,,
4N3D,,,,,,,,,unmatched,,,,0,,,,
4NDJ,,,,,,,,,unmatched,,,,0,,,,
4NDK,,,,,,,,,unmatched,,,,0,,,,
4NWS,pslssmkate,PSLSSmKate,0.21,445.0,622.0,26500.0,LSS,10.1016/j.chembiol.2014.08.010,pdb_match,,,,0,,,,
4OGS,,,,,,,,,unmatched,,,,0,,,,
4OHS,,,,,,,,,unmatched,,,,0,,,,
4OJ0,,,,,,,,,unmatched,,,,0,,,,
4OQW,mcardinal,mCardinal,0.19,604.0,659.0,87000.0,default,10.1038/nmeth.2888,pdb_match,,,,0,,,,
4ORN,,,,,,,,,unmatched,,,,0,,,,
4P1Q,,,0.79,397.0,506.0,30000.0,,,seq_match_99,alphagfp,αGFP,0.9911894273127754,225,0.79,397.0,506.0,30000.0
4P7H,,,,,,,,,unmatched,,,,0,,,,
4PA0,,,,,,,,,unmatched,,,,0,,,,
4PFE,vsfgfp-0,vsfGFP-0,0.76,485.0,510.0,209916.0,default,10.1002/anie.201506686,pdb_match,,,,0,,,,
4Q7R,lssmorange,LSSmOrange,0.45,437.0,572.0,52000.0,default,10.1021/ja3018972,pdb_match,,,,0,,,,
4Q7T,psmorange,PSmOrange,0.51,548.0,565.0,113300.0,Orange,10.1038/nmeth.1664,pdb_match,,,,0,,,,
4Q7U,psmorange2,PSmOrange2,0.61,546.0,561.0,51000.0,Orange,10.1021/ja3034137,pdb_match,,,,0,,,,
4Q9W,mtfp,mTFP*,,468.0,495.0,,default,10.1021/acscatal.9b02896,unmatched,,,,0,,,,
4Q9X,,,,,,,,,unmatched,,,,0,,,,
4R6D,,,,,,,,,unmatched,,,,0,,,,
4U2V,,,,,,,,,unmatched,,,,0,,,,
4UTS,,,,,,,,,unmatched,,,,0,,,,
4XBI,,,,,,,,,unmatched,,,,0,,,,
4XGY,,,,,,,,,unmatched,,,,0,,,,
4XL5,,,,,,,,,unmatched,,,,0,,,,
4XOV,,,,,,,,,unmatched,,,,0,,,,
4XOW,,,,,,,,,unmatched,,,,0,,,,
4XVP,,,0.14,463.0,506.0,23900.0,,,seq_match_99,cgfp,CGFP,0.9955947136563876,226,0.14,463.0,506.0,23900.0
4Z4K,,,,,,,,,unmatched,,,,0,,,,
4Z4M,,,,,,,,,unmatched,,,,0,,,,
4ZB1,,,,,,,,,unmatched,,,,0,,,,
4ZBL,mkillerorange,mKillerOrange,0.5,458.0,560.0,35000.0,default,10.1371/journal.pone.0145740,pdb_match,,,,0,,,,
4ZF3,,,,,,,,,unmatched,,,,0,,,,
4ZFS,killerorange,KillerOrange,0.42,455.0,555.0,41200.0,default,10.1371/journal.pone.0145287,pdb_match,,,,0,,,,
4ZIO,,,,,,,,,unmatched,,,,0,,,,
5AQB,,,0.79,395.0,509.0,25000.0,,,seq_match_99,avgfp,avGFP,0.9912280701754386,226,0.79,395.0,509.0,25000.0
5BQL,,,,,,,,,unmatched,,,,0,,,,
5BT0,,,0.65,488.0,510.0,83300.0,,,seq_match_99,superfolder-gfp,Superfolder GFP,1.0,229,0.65,488.0,510.0,83300.0
5BTT,,,,,,,,,unmatched,,,,0,,,,
5DPG,,,0.65,488.0,510.0,83300.0,,,seq_match_99,superfolder-gfp,Superfolder GFP,1.0,231,0.65,488.0,510.0,83300.0
5DPH,,,,,,,,,unmatched,,,,0,,,,
5DPI,,,,,,,,,unmatched,,,,0,,,,
5DPJ,,,,,,,,,unmatched,,,,0,,,,
5DQB,wascfp,WasCFP,0.85,494.0,505.0,51000.0,default,10.1038/srep00608,pdb_match,,,,0,,,,
5DQM,,,,,,,,,unmatched,,,,0,,,,
5DRF,wascfp,WasCFP,0.85,494.0,505.0,51000.0,default,10.1038/srep00608,pdb_match,,,,0,,,,
5DRG,wascfp,WasCFP,0.85,494.0,505.0,51000.0,default,10.1038/srep00608,pdb_match,,,,0,,,,
5DTL,meos2-a69t,mEos2-A69T,0.63,495.0,509.0,24300.0,Green,10.1021/jacs.5b09923,pdb_match,,,,0,,,,
5DTX,rsegfp2,rsEGFP2,0.3,478.0,503.0,61300.0,On,10.7554/elife.00248,pdb_match,,,,0,,,,
5DTY,rsegfp2,rsEGFP2,0.3,478.0,503.0,61300.0,On,10.7554/elife.00248,pdb_match,,,,0,,,,
5DTZ,rsfolder,rsFolder,0.25,477.0,503.0,51600.0,Green,10.1038/srep18459,pdb_match,,,,0,,,,
5DU0,rsfolder,rsFolder,0.25,477.0,503.0,51600.0,Green,10.1038/srep18459,pdb_match,,,,0,,,,
5DY6,,,,,,,,,unmatched,,,,0,,,,
5EHU,,,0.65,488.0,510.0,83300.0,,,seq_match_99,superfolder-gfp,Superfolder GFP,1.0,227,0.65,488.0,510.0,83300.0
5EXB,,,0.65,492.0,508.0,90000.0,,,seq_match_99,dendfp,dendFP,1.0,220,0.65,492.0,508.0,90000.0
5EXC,,,,,,,,,unmatched,,,,0,,,,
5F9G,,,,,,,,,unmatched,,,,0,,,,
5FGU,,,,,,,,,unmatched,,,,0,,,,
5FHV,,,,,,,,,unmatched,,,,0,,,,
5FVF,irisfp,IrisFP,0.43,488.0,516.0,52200.0,Green,10.1073/pnas.0805949105,pdb_match,,,,0,,,,
5FVG,irisfp,IrisFP,0.43,488.0,516.0,52200.0,Green,10.1073/pnas.0805949105,pdb_match,,,,0,,,,
5FVI,irisfp,IrisFP,0.43,488.0,516.0,52200.0,Green,10.1073/pnas.0805949105,pdb_match,,,,0,,,,
5H87,,,,,,,,,unmatched,,,,0,,,,
5H88,,,,,,,,,unmatched,,,,0,,,,
5H89,,,,,,,,,unmatched,,,,0,,,,
5HBD,,,,,,,,,unmatched,,,,0,,,,
5HGE,,,,,,,,,unmatched,,,,0,,,,
5HW9,,,,,,,,,unmatched,,,,0,,,,
5HZO,,,0.79,395.0,509.0,25000.0,,,seq_match_99,avgfp,avGFP,0.9912663755458515,227,0.79,395.0,509.0,25000.0
5HZS,,,0.85,503.0,518.0,95000.0,,,seq_match_99,dronpa,Dronpa,1.0,214,0.85,503.0,518.0,95000.0
5HZT,,,,,,,,,unmatched,,,,0,,,,
5HZU,,,,,,,,,unmatched,,,,0,,,,
5J2O,,,,,,,,,unmatched,,,,0,,,,
5J3N,,,,,,,,,unmatched,,,,0,,,,
5JZK,usgfp,usGFP,0.45,490.0,508.0,103000.0,default,10.1002/bit.25451,pdb_match,,,,0,,,,
5JZL,mugfp,muGFP,0.45,490.0,508.0,117000.0,default,10.1038/s41598-017-18045-y,pdb_match,,,,0,,,,
5KTG,,,,,,,,,unmatched,,,,0,,,,
5LEL,,,,,,,,,unmatched,,,,0,,,,
5LEM,,,0.79,395.0,509.0,25000.0,,,seq_match_99,avgfp,avGFP,0.9911894273127754,225,0.79,395.0,509.0,25000.0
5LK4,mscarlet,mScarlet,0.7,569.0,594.0,100000.0,default,10.1038/nmeth.4074,pdb_match,,,,0,,,,
5LTP,mneongreen,mNeonGreen,0.8,506.0,517.0,116000.0,default,10.1038/nmeth.2413,pdb_match,,,,0,,,,
5LTQ,lanyfp,LanYFP,0.95,513.0,524.0,150000.0,default,10.1038/nmeth.2413,pdb_match,,,,0,,,,
5LTR,mneongreen,mNeonGreen,0.8,506.0,517.0,116000.0,default,10.1038/nmeth.2413,pdb_match,,,,0,,,,
5MA3,,,0.14,463.0,506.0,23900.0,,,seq_match_99,cgfp,CGFP,0.9955947136563876,226,0.14,463.0,506.0,23900.0
5MA4,,,0.6,488.0,507.0,55900.0,,,seq_match_99,egfp,EGFP,1.0,229,0.6,488.0,507.0,55900.0
5MA5,,,0.14,463.0,506.0,23900.0,,,seq_match_99,cgfp,CGFP,0.9955947136563876,226,0.14,463.0,506.0,23900.0
5MA6,,,,,,,,,unmatched,,,,0,,,,
5MA8,,,,,,,,,unmatched,,,,0,,,,
5MA9,,,,,,,,,unmatched,,,,0,,,,
5MAD,,,0.6,488.0,507.0,55900.0,,,seq_match_99,egfp,EGFP,1.0,231,0.6,488.0,507.0,55900.0
5MAK,,,0.14,463.0,506.0,23900.0,,,seq_match_99,cgfp,CGFP,0.9955947136563876,226,0.14,463.0,506.0,23900.0
5MFC,,,,,,,,,unmatched,,,,0,,,,
5MSE,,,,,,,,,unmatched,,,,0,,,,
5N9O,,,0.6,488.0,507.0,55900.0,,,seq_match_99,egfp,EGFP,0.9957264957264957,233,0.6,488.0,507.0,55900.0
5NHN,,,0.65,488.0,510.0,83300.0,,,seq_match_99,superfolder-gfp,Superfolder GFP,0.9955947136563876,226,0.65,488.0,510.0,83300.0
5NI3,,,,,,,,,unmatched,,,,0,,,,
5O89,rsegfp2,rsEGFP2,0.3,478.0,503.0,61300.0,On,10.7554/elife.00248,pdb_match,,,,0,,,,
5O8A,rsegfp2,rsEGFP2,0.3,478.0,503.0,61300.0,On,10.7554/elife.00248,pdb_match,,,,0,,,,
5O8B,rsegfp2,rsEGFP2,0.3,478.0,503.0,61300.0,On,10.7554/elife.00248,pdb_match,,,,0,,,,
5O8C,rsegfp2,rsEGFP2,0.3,478.0,503.0,61300.0,On,10.7554/elife.00248,pdb_match,,,,0,,,,
5OX8,ecfp,ECFP,0.4,434.0,477.0,32500.0,default,10.1016/s0960-9822(02)00450-5,pdb_match,,,,0,,,,
5OX9,,,,,,,,,unmatched,,,,0,,,,
5OXA,,,0.62,433.0,475.0,43000.0,,,seq_match_99,cerulean,Cerulean,0.9956140350877193,227,0.62,433.0,475.0,43000.0
5OXB,,,,,,,,,unmatched,,,,0,,,,
5OXC,,,0.62,433.0,475.0,43000.0,,,seq_match_99,cerulean,Cerulean,1.0,229,0.62,433.0,475.0,43000.0
5T3I,,,0.4,434.0,477.0,32500.0,,,seq_match_99,ecfp,ECFP,1.0,228,0.4,434.0,477.0,32500.0
5WJ2,clover,Clover,0.76,505.0,515.0,111000.0,default,10.1038/nmeth.2171,pdb_match,,,,0,,,,
5WJ3,,,,,,,,,unmatched,,,,0,,,,
5WJ4,,,,,,,,,unmatched,,,,0,,,,
5WWK,,,,,,,,,unmatched,,,,0,,,,
5Y8Q,,,0.65,529.0,539.0,20000.0,,,seq_match_99,zsyellow1,ZsYellow1,1.0,222,0.65,529.0,539.0,20000.0
5Y8R,,,0.65,529.0,539.0,20000.0,,,seq_match_99,zsyellow1,ZsYellow1,1.0,221,0.65,529.0,539.0,20000.0
5YR3,,,,,,,,,unmatched,,,,0,,,,
5YT1,,,,,,,,,unmatched,,,,0,,,,
5Z6Y,,,,,,,,,unmatched,,,,0,,,,
6AA2,,,,,,,,,unmatched,,,,0,,,,
6AA6,,,,,,,,,unmatched,,,,0,,,,
6AA7,adred,AdRed,,567.0,612.0,,default,10.1002/pro.3540,unmatched,,,,0,,,,
6AS9,,,,,,,,,unmatched,,,,0,,,,
6B7R,,,,,,,,,unmatched,,,,0,,,,
6B7T,,,,,,,,,unmatched,,,,0,,,,
6B9C,,,0.65,488.0,510.0,83300.0,,,seq_match_99,superfolder-gfp,Superfolder GFP,1.0,232,0.65,488.0,510.0,83300.0
6CIU,,,,,,,,,unmatched,,,,0,,,,
6D38,,,,,,,,,unmatched,,,,0,,,,
6D39,,,,,,,,,unmatched,,,,0,,,,
6DEJ,hcred7,HcRed7,0.08,592.0,645.0,75000.0,default,10.1073/pnas.1807449115,pdb_match,,,,0,,,,
6DQ0,,,,,,,,,unmatched,,,,0,,,,
6DQ1,,,0.65,488.0,510.0,83300.0,,,seq_match_99,superfolder-gfp,Superfolder GFP,1.0,231,0.65,488.0,510.0,83300.0
6EFR,,,,,,,,,unmatched,,,,0,,,,
6FLL,,,,,,,,,unmatched,,,,0,,,,
6FP7,,,0.85,462.0,492.0,64000.0,,,seq_match_99,mtfp1,mTFP1,1.0,225,0.85,462.0,492.0,64000.0
6FP8,,,,,,,,,unmatched,,,,0,,,,
6FWW,,,,,,,,,unmatched,,,,0,,,,
6GEL,,,,,,,,,unmatched,,,,0,,,,
6GEZ,,,,,,,,,unmatched,,,,0,,,,
6GO8,,,0.73,485.0,508.0,53900.0,,,seq_match_99,gfpmut2,GFPmut2,0.9913793103448276,230,0.73,485.0,508.0,53900.0
6GO9,,,0.73,485.0,508.0,53900.0,,,seq_match_99,gfpmut2,GFPmut2,0.9913793103448276,230,0.73,485.0,508.0,53900.0
6GOY,meos4b,mEos4b,0.84,505.0,516.0,78170.0,Green,10.1038/nmeth.3225,pdb_match,,,,0,,,,
6GOZ,,,,,,,,,unmatched,,,,0,,,,
6GP0,meos4b,mEos4b,0.84,505.0,516.0,78170.0,Green,10.1038/nmeth.3225,pdb_match,,,,0,,,,
6GP1,,,,,,,,,unmatched,,,,0,,,,
6GQG,,,0.73,485.0,508.0,53900.0,,,seq_match_99,gfpmut2,GFPmut2,1.0,227,0.73,485.0,508.0,53900.0
6GQH,,,,,,,,,unmatched,,,,0,,,,
6GRM,,,,,,,,,unmatched,,,,0,,,,
6H01,,,,,,,,,unmatched,,,,0,,,,
6HR1,,,,,,,,,unmatched,,,,0,,,,
6HUT,,,,,,,,,unmatched,,,,0,,,,
6IR6,,,0.79,397.0,506.0,30000.0,,,seq_match_99,alphagfp,αGFP,0.9956896551724138,231,0.79,397.0,506.0,30000.0
6IR7,,,0.79,397.0,506.0,30000.0,,,seq_match_99,alphagfp,αGFP,0.9956709956709957,230,0.79,397.0,506.0,30000.0
6J1A,,,0.9,504.0,519.0,83000.0,,,seq_match_99,gamillus,Gamillus,1.0,229,0.9,504.0,519.0,83000.0
6J1B,,,0.9,504.0,519.0,83000.0,,,seq_match_99,gamillus,Gamillus,0.9912663755458515,227,0.9,504.0,519.0,83000.0
6J1C,,,0.9,504.0,519.0,83000.0,,,seq_match_99,gamillus,Gamillus,0.9912663755458515,227,0.9,504.0,519.0,83000.0
6JC6,shcp,shCP,0.79,401.0,458.0,15407.0,default,10.1007/s10126-014-9563-2,seq_match_99,shbfp,shBFP,1.0,220,0.79,401.0,458.0,15407.0
6JGH,,,0.79,397.0,506.0,30000.0,,,seq_match_99,alphagfp,αGFP,0.9955947136563876,226,0.79,397.0,506.0,30000.0
6JGI,,,0.79,397.0,506.0,30000.0,,,seq_match_99,alphagfp,αGFP,1.0,227,0.79,397.0,506.0,30000.0
6JGJ,,,0.79,397.0,506.0,30000.0,,,seq_match_99,alphagfp,αGFP,0.9955947136563876,226,0.79,397.0,506.0,30000.0
6JXF,,,0.9,504.0,519.0,83000.0,,,seq_match_99,gamillus,Gamillus,1.0,229,0.9,504.0,519.0,83000.0
6KKZ,,,0.79,397.0,506.0,30000.0,,,seq_match_99,alphagfp,αGFP,1.0,227,0.79,397.0,506.0,30000.0
6KL0,,,0.79,397.0,506.0,30000.0,,,seq_match_99,alphagfp,αGFP,1.0,227,0.79,397.0,506.0,30000.0
6KL1,,,0.79,397.0,506.0,30000.0,,,seq_match_99,alphagfp,αGFP,1.0,227,0.79,397.0,506.0,30000.0
6KRG,,,,,,,,,unmatched,,,,0,,,,
6L02,,,,,,,,,unmatched,,,,0,,,,
6L27,,,,,,,,,unmatched,,,,0,,,,
6LNP,,,,,,,,,unmatched,,,,0,,,,
6LOF,,,,,,,,,unmatched,,,,0,,,,
6LR7,,,0.79,397.0,506.0,30000.0,,,seq_match_99,alphagfp,αGFP,0.9913419913419913,229,0.79,397.0,506.0,30000.0
6M63,,,,,,,,,unmatched,,,,0,,,,
6M9X,,,,,,,,,unmatched,,,,0,,,,
1ZUX,,,0.7,506.0,516.0,72000.0,,,seq_match_99,eosfp,EosFP,1.0,219,0.7,506.0,516.0,72000.0
2DDC,,,,,,,,,unmatched,,,,0,,,,
2DDD,,,,,,,,,unmatched,,,,0,,,,
2GW3,,,0.88,508.0,518.0,98800.0,,,seq_match_99,kaede,Kaede,0.9954128440366973,217,0.88,508.0,518.0,98800.0
3P8U,meosfp,mEosFP,0.64,505.0,516.0,67200.0,Green,10.1073/pnas.0403668101,pdb_match,,,,0,,,,
3S05,meos2,mEos2,0.84,506.0,519.0,56000.0,Green,10.1038/nmeth.1296,pdb_match,,,,0,,,,
3TMR,irisfp,IrisFP,0.43,488.0,516.0,52200.0,Green,10.1073/pnas.0805949105,pdb_match,,,,0,,,,
3TMT,irisfp,IrisFP,0.43,488.0,516.0,52200.0,Green,10.1073/pnas.0805949105,pdb_match,,,,0,,,,
4HQ8,pcdronpa,pcDronpa,0.85,505.0,517.0,115000.0,Green,10.1021/nn4060144,pdb_match,,,,0,,,,
4HQ9,pcdronpa,pcDronpa,0.85,505.0,517.0,115000.0,Green,10.1021/nn4060144,pdb_match,,,,0,,,,
4IZN,,,0.85,505.0,517.0,115000.0,,,seq_match_99,pcdronpa,pcDronpa,0.9953917050691244,216,0.85,505.0,517.0,115000.0
4LJB,irisfp,IrisFP,0.43,488.0,516.0,52200.0,Green,10.1073/pnas.0805949105,pdb_match,,,,0,,,,
4LJC,irisfp,IrisFP,0.43,488.0,516.0,52200.0,Green,10.1073/pnas.0805949105,pdb_match,,,,0,,,,
4LJD,irisfp,IrisFP,0.43,488.0,516.0,52200.0,Green,10.1073/pnas.0805949105,pdb_match,,,,0,,,,
4OY4,,,,,,,,,unmatched,,,,0,,,,
4P76,kikgr1,KikGR1,0.7,507.0,517.0,53700.0,Green,10.1038/sj.embor.7400361,pdb_match,,,,0,,,,
4R6B,irisfp-m159a,IrisFP-M159A,0.18,484.0,513.0,62800.0,Green,10.1088/2050-6120/3/1/014004,pdb_match,,,,0,,,,
6M9Z,,,,,,,,,unmatched,,,,0,,,,
6MAS,,,,,,,,,unmatched,,,,0,,,,
6MXW,,,0.61,505.0,522.0,36000.0,,,seq_match_99,padron09,Padron0.9,1.0,215,0.61,505.0,522.0,36000.0
6MYB,,,0.61,505.0,522.0,36000.0,,,seq_match_99,padron09,Padron0.9,1.0,215,0.61,505.0,522.0,36000.0
6MYC,,,0.61,505.0,522.0,36000.0,,,seq_match_99,padron09,Padron0.9,1.0,214,0.61,505.0,522.0,36000.0
6MZ3,,,,,,,,,unmatched,,,,0,,,,
6NQJ,,,,,,,,,unmatched,,,,0,,,,
6NQK,,,0.33,490.0,515.0,61732.0,,,seq_match_99,dronpa-2,Dronpa-2,0.9953917050691244,216,0.33,490.0,515.0,61732.0
6NQL,,,0.33,490.0,515.0,61732.0,,,seq_match_99,dronpa-2,Dronpa-2,0.9953703703703703,215,0.33,490.0,515.0,61732.0
6NQN,,,,,,,,,unmatched,,,,0,,,,
6NQO,,,,,,,,,unmatched,,,,0,,,,
6NQP,,,0.33,490.0,515.0,61732.0,,,seq_match_99,dronpa-2,Dronpa-2,0.9953488372093023,214,0.33,490.0,515.0,61732.0
6NQQ,,,0.33,490.0,515.0,61732.0,,,seq_match_99,dronpa-2,Dronpa-2,0.9953488372093023,214,0.33,490.0,515.0,61732.0
6NQR,,,0.33,490.0,515.0,61732.0,,,seq_match_99,dronpa-2,Dronpa-2,0.9907407407407407,214,0.33,490.0,515.0,61732.0
6NQS,,,,,,,,,unmatched,,,,0,,,,
6NQV,,,0.33,490.0,515.0,61732.0,,,seq_match_99,dronpa-2,Dronpa-2,0.9907407407407407,214,0.33,490.0,515.0,61732.0
6OA8,,,0.65,488.0,510.0,83300.0,,,seq_match_99,superfolder-gfp,Superfolder GFP,1.0,232,0.65,488.0,510.0,83300.0
6OFK,,,,,,,,,unmatched,,,,0,,,,
6OFN,,,,,,,,,unmatched,,,,0,,,,
6OFO,,,,,,,,,unmatched,,,,0,,,,
6OG8,,,,,,,,,unmatched,,,,0,,,,
6PFR,,,,,,,,,unmatched,,,,0,,,,
6PFS,,,0.3,478.0,503.0,61300.0,,,seq_match_99,rsegfp2,rsEGFP2,1.0,228,0.3,478.0,503.0,61300.0
6PFT,,,,,,,,,unmatched,,,,0,,,,
6PFU,,,0.3,478.0,503.0,61300.0,,,seq_match_99,rsegfp2,rsEGFP2,1.0,228,0.3,478.0,503.0,61300.0
6QQ8,,,,,,,,,unmatched,,,,0,,,,
6QQ9,,,,,,,,,unmatched,,,,0,,,,
6QQA,,,0.62,433.0,475.0,43000.0,,,seq_match_99,cerulean,Cerulean,1.0,229,0.62,433.0,475.0,43000.0
6QQB,,,0.62,433.0,475.0,43000.0,,,seq_match_99,cerulean,Cerulean,1.0,229,0.62,433.0,475.0,43000.0
6QSL,,,,,,,,,unmatched,,,,0,,,,
6QSM,,,,,,,,,unmatched,,,,0,,,,
6QSO,,,,,,,,,unmatched,,,,0,,,,
6QUH,,,,,,,,,unmatched,,,,0,,,,
6QUI,,,,,,,,,unmatched,,,,0,,,,
6QUJ,,,,,,,,,unmatched,,,,0,,,,
6S67,,,0.97,504.0,510.0,170000.0,,,seq_match_99,aausfp1,AausFP1,1.0,223,0.97,504.0,510.0,170000.0
6S68,,,,,,,,,unmatched,,,,0,,,,
6SM0,,,,,,,,,unmatched,,,,0,,,,
6T39,,,,,,,,,unmatched,,,,0,,,,
6T3A,,,,,,,,,unmatched,,,,0,,,,
6U1A,,,,,,,,,unmatched,,,,0,,,,
6UHJ,,,,,,,,,unmatched,,,,0,,,,
6UHK,,,,,,,,,unmatched,,,,0,,,,
6UHL,,,,,,,,,unmatched,,,,0,,,,
6UHM,,,,,,,,,unmatched,,,,0,,,,
6UHN,,,,,,,,,unmatched,,,,0,,,,
6UHO,,,,,,,,,unmatched,,,,0,,,,
6UHP,,,,,,,,,unmatched,,,,0,,,,
6UHQ,,,,,,,,,unmatched,,,,0,,,,
6UHR,,,,,,,,,unmatched,,,,0,,,,
6UN4,,,,,,,,,unmatched,,,,0,,,,
6UN6,,,,,,,,,unmatched,,,,0,,,,
6VIO,,,,,,,,,unmatched,,,,0,,,,
6WEM,,,,,,,,,unmatched,,,,0,,,,
6WV3,,,,,,,,,unmatched,,,,0,,,,
6WV4,,,,,,,,,unmatched,,,,0,,,,
6WV5,,,,,,,,,unmatched,,,,0,,,,
6WV6,,,,,,,,,unmatched,,,,0,,,,
6WV7,,,,,,,,,unmatched,,,,0,,,,
6WV8,,,,,,,,,unmatched,,,,0,,,,
6WV9,,,,,,,,,unmatched,,,,0,,,,
6WVA,,,,,,,,,unmatched,,,,0,,,,
6WVB,,,,,,,,,unmatched,,,,0,,,,
6WVD,,,,,,,,,unmatched,,,,0,,,,
6WVE,,,,,,,,,unmatched,,,,0,,,,
6WVF,,,,,,,,,unmatched,,,,0,,,,
6WVG,,,,,,,,,unmatched,,,,0,,,,
6WVH,,,,,,,,,unmatched,,,,0,,,,
6WVI,,,,,,,,,unmatched,,,,0,,,,
6XWY,mcrispred,mCRISPRed,0.46,460.0,592.0,28500.0,default,10.1016/j.chembiol.2020.02.004,pdb_match,,,,0,,,,
6XZF,,,,,,,,,unmatched,,,,0,,,,
6Y1G,,,,,,,,,unmatched,,,,0,,,,
6YLM,,,0.22,587.0,610.0,72000.0,,,seq_match_99,mcherry,mCherry,0.995575221238938,225,0.22,587.0,610.0,72000.0
6YLS,,,0.8,499.0,513.0,95400.0,,,seq_match_99,frskylan-s,frSkylan-S,1.0,219,0.8,499.0,513.0,95400.0
6ZQO,,,0.67,513.0,527.0,67000.0,,,seq_match_99,eyfp,EYFP,0.9956331877729258,228,0.67,513.0,527.0,67000.0
6ZSM,,,,,,,,,unmatched,,,,0,,,,
6ZSN,,,,,,,,,unmatched,,,,0,,,,
6ZUI,,,,,,,,,unmatched,,,,0,,,,
7A7K,,,0.36,493.0,510.0,47000.0,,,seq_match_99,rsegfp,rsEGFP,1.0,233,0.36,493.0,510.0,47000.0
7A7L,,,0.36,493.0,510.0,47000.0,,,seq_match_99,rsegfp,rsEGFP,0.991304347826087,228,0.36,493.0,510.0,47000.0
7A7M,,,,,,,,,unmatched,,,,0,,,,
7A7N,,,,,,,,,unmatched,,,,0,,,,
7A7O,,,,,,,,,unmatched,,,,0,,,,
7A7P,,,,,,,,,unmatched,,,,0,,,,
7A7Q,,,,,,,,,unmatched,,,,0,,,,
7A7R,,,,,,,,,unmatched,,,,0,,,,
7A7S,,,,,,,,,unmatched,,,,0,,,,
7A7T,,,,,,,,,unmatched,,,,0,,,,
7A7U,,,,,,,,,unmatched,,,,0,,,,
7A7V,,,,,,,,,unmatched,,,,0,,,,
7A7W,,,,,,,,,unmatched,,,,0,,,,
7A7X,,,,,,,,,unmatched,,,,0,,,,
7A7Y,,,,,,,,,unmatched,,,,0,,,,
7A7Z,,,,,,,,,unmatched,,,,0,,,,
7A80,,,,,,,,,unmatched,,,,0,,,,
7A81,,,,,,,,,unmatched,,,,0,,,,
7A82,,,,,,,,,unmatched,,,,0,,,,
7A83,,,,,,,,,unmatched,,,,0,,,,
7A84,,,,,,,,,unmatched,,,,0,,,,
7A85,,,,,,,,,unmatched,,,,0,,,,
7A86,,,,,,,,,unmatched,,,,0,,,,
7A87,,,,,,,,,unmatched,,,,0,,,,
7A88,,,,,,,,,unmatched,,,,0,,,,
7A89,,,,,,,,,unmatched,,,,0,,,,
7A8A,,,,,,,,,unmatched,,,,0,,,,
7A8B,,,,,,,,,unmatched,,,,0,,,,
7A8C,,,,,,,,,unmatched,,,,0,,,,
7A8D,,,,,,,,,unmatched,,,,0,,,,
7A8E,,,,,,,,,unmatched,,,,0,,,,
7A8F,,,,,,,,,unmatched,,,,0,,,,
7A8G,,,,,,,,,unmatched,,,,0,,,,
7A8H,,,,,,,,,unmatched,,,,0,,,,
7A8I,,,,,,,,,unmatched,,,,0,,,,
7A8J,,,,,,,,,unmatched,,,,0,,,,
7A8K,,,,,,,,,unmatched,,,,0,,,,
7A8L,,,,,,,,,unmatched,,,,0,,,,
7A8M,,,,,,,,,unmatched,,,,0,,,,
7A8N,,,,,,,,,unmatched,,,,0,,,,
7A8O,,,,,,,,,unmatched,,,,0,,,,
7AMB,,,0.23,478.0,503.0,44000.0,,,seq_match_99,rsfolder2,rsFolder2,1.0,229,0.23,478.0,503.0,44000.0
7AMF,,,0.23,478.0,503.0,44000.0,,,seq_match_99,rsfolder2,rsFolder2,1.0,230,0.23,478.0,503.0,44000.0
7AMU,,,,,,,,,unmatched,,,,0,,,,
7BHG,,,,,,,,,unmatched,,,,0,,,,
7CAO,r-velour,R-Velour,0.001,528.0,,91000.0,default,10.1002/pro.4285,pdb_match,,,,0,,,,
7CD7,,,0.79,397.0,506.0,30000.0,,,seq_match_99,alphagfp,αGFP,0.9914893617021276,233,0.79,397.0,506.0,30000.0
7CD8,,,0.79,397.0,506.0,30000.0,,,seq_match_99,alphagfp,αGFP,0.9912280701754386,226,0.79,397.0,506.0,30000.0
7DIG,,,0.65,492.0,508.0,90000.0,,,seq_match_99,dendfp,dendFP,1.0,218,0.65,492.0,508.0,90000.0
7DMX,,,,,,,,,unmatched,,,,0,,,,
7DNA,,,,,,,,,unmatched,,,,0,,,,
7E53,,,,,,,,,unmatched,,,,0,,,,
7KM4,,,,,,,,,unmatched,,,,0,,,,
7LG4,,,,,,,,,unmatched,,,,0,,,,
7LQO,,,,,,,,,unmatched,,,,0,,,,
7LUG,,,,,,,,,unmatched,,,,0,,,,
7O7C,,,,,,,,,unmatched,,,,0,,,,
7O7D,,,,,,,,,unmatched,,,,0,,,,
7O7E,,,,,,,,,unmatched,,,,0,,,,
7O7H,,,,,,,,,unmatched,,,,0,,,,
7O7U,,,,,,,,,unmatched,,,,0,,,,
7O7V,,,,,,,,,unmatched,,,,0,,,,
7O7W,,,,,,,,,unmatched,,,,0,,,,
7O7X,,,,,,,,,unmatched,,,,0,,,,
7OIN,lssmscarlet,LSSmScarlet,0.42,470.0,598.0,30200.0,default,10.3390/ijms222312887,pdb_match,,,,0,,,,
7PCA,,,,,,,,,unmatched,,,,0,,,,
7PCZ,,,,,,,,,unmatched,,,,0,,,,
7PD0,,,,,,,,,unmatched,,,,0,,,,
7PNN,,,0.64,515.0,527.0,104000.0,,,seq_match_99,mvenus,mVenus,1.0,228,0.64,515.0,527.0,104000.0
7Q6B,,,,,,,,,unmatched,,,,0,,,,
7QGK,,,,,,,,,unmatched,,,,0,,,,
7QLI,,,0.83,505.0,513.0,88400.0,,,seq_match_99,meos31,mEos3.1,0.9953703703703703,215,0.83,505.0,513.0,88400.0
7QLJ,,,0.83,505.0,513.0,88400.0,,,seq_match_99,meos31,mEos3.1,0.9908675799086758,217,0.83,505.0,513.0,88400.0
7QLK,,,0.83,505.0,513.0,88400.0,,,seq_match_99,meos31,mEos3.1,0.9953703703703703,215,0.83,505.0,513.0,88400.0
7QLL,,,0.83,505.0,513.0,88400.0,,,seq_match_99,meos31,mEos3.1,0.9954128440366973,217,0.83,505.0,513.0,88400.0
7QLM,,,0.83,505.0,513.0,88400.0,,,seq_match_99,meos31,mEos3.1,0.9953703703703703,215,0.83,505.0,513.0,88400.0
7QLN,,,0.83,505.0,513.0,88400.0,,,seq_match_99,meos31,mEos3.1,0.9953703703703703,215,0.83,505.0,513.0,88400.0
7QLO,,,0.83,505.0,513.0,88400.0,,,seq_match_99,meos31,mEos3.1,0.9953703703703703,215,0.83,505.0,513.0,88400.0
7RHA,,,,,,,,,unmatched,,,,0,,,,
7RHB,,,,,,,,,unmatched,,,,0,,,,
7RHC,,,,,,,,,unmatched,,,,0,,,,
7RRH,,,0.33,490.0,515.0,61732.0,,,seq_match_99,dronpa-2,Dronpa-2,0.9906976744186047,213,0.33,490.0,515.0,61732.0
7RRI,,,0.33,490.0,515.0,61732.0,,,seq_match_99,dronpa-2,Dronpa-2,0.9906976744186047,213,0.33,490.0,515.0,61732.0
7RRJ,,,,,,,,,unmatched,,,,0,,,,
7RRK,,,0.85,503.0,518.0,95000.0,,,seq_match_99,dronpa,Dronpa,0.9906542056074766,212,0.85,503.0,518.0,95000.0
7RY2,,,,,,,,,unmatched,,,,0,,,,
7SAH,,,,,,,,,unmatched,,,,0,,,,
7SAI,,,,,,,,,unmatched,,,,0,,,,
7SAJ,,,,,,,,,unmatched,,,,0,,,,
7SAK,,,0.22,587.0,610.0,72000.0,,,seq_match_99,mcherry,mCherry,1.0,225,0.22,587.0,610.0,72000.0
7SAL,,,,,,,,,unmatched,,,,0,,,,
7SFA,,,,,,,,,unmatched,,,,0,,,,
7SWR,gfascp,gfasCP,,577.0,,205200.0,default,10.1371/journal.pone.0002680,unmatched,,,,0,,,,
7SWS,amilcp,amilCP,,588.0,,87600.0,default,10.1371/journal.pone.0002680,unmatched,,,,0,,,,
7SWT,eforcp,eforCP,0.16,589.0,609.0,111300.0,default,10.1371/journal.pone.0002680,pdb_match,,,,0,,,,
7SWU,spiscp,spisCP,,560.0,,61000.0,default,10.1371/journal.pone.0002680,unmatched,,,,0,,,,
7TSR,,,0.83,505.0,513.0,88400.0,,,seq_match_99,meos31,mEos3.1,0.9907834101382489,215,0.83,505.0,513.0,88400.0
7TSS,,,0.83,505.0,513.0,88400.0,,,seq_match_99,meos31,mEos3.1,0.9907834101382489,215,0.83,505.0,513.0,88400.0
7TSU,,,0.83,505.0,513.0,88400.0,,,seq_match_99,meos31,mEos3.1,0.9907834101382489,215,0.83,505.0,513.0,88400.0
7TSV,,,0.83,505.0,513.0,88400.0,,,seq_match_99,meos31,mEos3.1,0.9907834101382489,215,0.83,505.0,513.0,88400.0
7UGR,hyperfolder-yfp,Hyperfolder YFP,0.6,514.0,529.0,119500.0,default,10.1038/s41592-022-01660-7,pdb_match,,,,0,,,,
7UGS,monomeric-hyperfolder-yfp,Monomeric hyperfolder YFP,0.62,515.0,529.0,124000.0,default,10.1038/s41592-022-01660-7,pdb_match,,,,0,,,,
7UGT,fold6,FOLD6,0.73,505.0,515.0,118200.0,default,10.1038/s41592-022-01660-7,pdb_match,,,,0,,,,
7VCM,,,,,,,,,unmatched,,,,0,,,,
7X2B,,,,,,,,,unmatched,,,,0,,,,
7Y40,,,0.93,496.0,505.0,159000.0,,,seq_match_99,staygold,StayGold,1.0,214,0.93,496.0,505.0,159000.0
7Y96,,,,,,,,,unmatched,,,,0,,,,
7YAO,,,0.93,497.0,506.0,169000.0,,,seq_match_99,oxstaygold,oxStayGold,0.9907407407407407,214,0.93,497.0,506.0,169000.0
7YEU,,,,,,,,,unmatched,,,,0,,,,
7YRE,,,,,,,,,unmatched,,,,0,,,,
7YV3,,,,,,,,,unmatched,,,,0,,,,
7YV5,,,,,,,,,unmatched,,,,0,,,,
7Z7O,,,,,,,,,unmatched,,,,0,,,,
7Z7P,,,,,,,,,unmatched,,,,0,,,,
7Z7Q,,,,,,,,,unmatched,,,,0,,,,
7ZCT,mscarlet3,mScarlet3,0.75,569.0,592.0,104000.0,default,10.1038/s41592-023-01809-y,pdb_match,,,,0,,,,
8A6G,,,,,,,,,unmatched,,,,0,,,,
8A6N,,,,,,,,,unmatched,,,,0,,,,
8A6O,,,,,,,,,unmatched,,,,0,,,,
8A6P,,,,,,,,,unmatched,,,,0,,,,
8A6Q,,,,,,,,,unmatched,,,,0,,,,
8A6R,,,,,,,,,unmatched,,,,0,,,,
8A6S,,,,,,,,,unmatched,,,,0,,,,
8A7V,,,,,,,,,unmatched,,,,0,,,,
8A83,,,,,,,,,unmatched,,,,0,,,,
8AHA,,,,,,,,,unmatched,,,,0,,,,
8AHB,,,,,,,,,unmatched,,,,0,,,,
8AM4,,,,,,,,,unmatched,,,,0,,,,
8ARM,,,,,,,,,unmatched,,,,0,,,,
8B65,,,,,,,,,unmatched,,,,0,,,,
8B6S,,,,,,,,,unmatched,,,,0,,,,
8B6T,,,,,,,,,unmatched,,,,0,,,,
8BAN,,,,,,,,,unmatched,,,,0,,,,
8BAV,,,,,,,,,unmatched,,,,0,,,,
8BBJ,,,,,,,,,unmatched,,,,0,,,,
8BGL,,,,,,,,,unmatched,,,,0,,,,
8BVG,,,0.3,487.0,509.0,86000.0,,,seq_match_99,bruslee,BrUSLEE,1.0,228,0.3,487.0,509.0,86000.0
8BXP,,,,,,,,,unmatched,,,,0,,,,
8BXT,staygold,StayGold,0.93,496.0,505.0,159000.0,default,10.1038/s41587-022-01278-2,pdb_match,,,,0,,,,
8C0N,,,,,,,,,unmatched,,,,0,,,,
8C0T,,,,,,,,,unmatched,,,,0,,,,
8C1X,,,,,,,,,unmatched,,,,0,,,,
8C7I,,,,,,,,,unmatched,,,,0,,,,
8DHR,,,,,,,,,unmatched,,,,0,,,,
8DPD,,,,,,,,,unmatched,,,,0,,,,
8DTA,,,,,,,,,unmatched,,,,0,,,,
8G0I,,,,,,,,,unmatched,,,,0,,,,
8GOS,,,,,,,,,unmatched,,,,0,,,,
8GYF,,,0.93,496.0,505.0,159000.0,,,seq_match_99,staygold,StayGold,0.9953051643192489,212,0.93,496.0,505.0,159000.0
8I4J,,,0.67,492.0,505.0,72300.0,,,seq_match_99,azamigreen,AzamiGreen,1.0,220,0.67,492.0,505.0,72300.0
8I4K,azamired10,AzamiRed1.0,0.65,571.0,606.0,34100.0,default,10.1073/pnas.2307687120,pdb_match,,,,0,,,,
8IYY,,,,,,,,,unmatched,,,,0,,,,
8IYZ,,,,,,,,,unmatched,,,,0,,,,
8IZ0,,,0.23,471.0,514.0,27400.0,,,seq_match_99,mturquoise2_t203y,mTurquoise2_T203Y,0.9911894273127754,225,0.23,471.0,514.0,27400.0
8IZ1,,,,,,,,,unmatched,,,,0,,,,
8IZ2,,,,,,,,,unmatched,,,,0,,,,
8IZ3,,,,,,,,,unmatched,,,,0,,,,
8J2H,,,0.93,496.0,505.0,159000.0,,,seq_match_99,staygold,StayGold,0.9953271028037384,213,0.93,496.0,505.0,159000.0
8J2I,,,0.93,496.0,505.0,159000.0,,,seq_match_99,staygold,StayGold,0.9953271028037384,213,0.93,496.0,505.0,159000.0
8J2J,,,0.93,496.0,505.0,159000.0,,,seq_match_99,staygold,StayGold,0.9953271028037384,213,0.93,496.0,505.0,159000.0
8J2K,,,0.93,496.0,505.0,159000.0,,,seq_match_99,staygold,StayGold,0.9906542056074766,212,0.93,496.0,505.0,159000.0
8J2L,,,0.93,496.0,505.0,159000.0,,,seq_match_99,staygold,StayGold,0.9906103286384976,211,0.93,496.0,505.0,159000.0
8J3J,,,0.93,496.0,505.0,159000.0,,,seq_match_99,staygold,StayGold,0.9906542056074766,212,0.93,496.0,505.0,159000.0
8JKC,,,,,,,,,unmatched,,,,0,,,,
8JKG,,,,,,,,,unmatched,,,,0,,,,
8JKI,,,,,,,,,unmatched,,,,0,,,,
8JL2,,,,,,,,,unmatched,,,,0,,,,
8JL5,,,,,,,,,unmatched,,,,0,,,,
8JL6,,,,,,,,,unmatched,,,,0,,,,
8JL7,,,,,,,,,unmatched,,,,0,,,,
8JLL,,,,,,,,,unmatched,,,,0,,,,
8JLM,,,,,,,,,unmatched,,,,0,,,,
8JLS,,,,,,,,,unmatched,,,,0,,,,
8JLT,,,,,,,,,unmatched,,,,0,,,,
8JLU,,,,,,,,,unmatched,,,,0,,,,
8OSI,,,,,,,,,unmatched,,,,0,,,,
8OVN,,,,,,,,,unmatched,,,,0,,,,
8OVO,,,,,,,,,unmatched,,,,0,,,,
8OVP,,,,,,,,,unmatched,,,,0,,,,
8OVY,,,,,,,,,unmatched,,,,0,,,,
8PEI,,,,,,,,,unmatched,,,,0,,,,
8Q6W,,,,,,,,,unmatched,,,,0,,,,
8Q79,mbaojin,mBaoJin,0.93,500.0,508.0,128000.0,default,10.1038/s41592-024-02203-y,pdb_match,,,,0,,,,
8QBJ,mbaojin,mBaoJin,0.93,500.0,508.0,128000.0,default,10.1038/s41592-024-02203-y,pdb_match,,,,0,,,,
8QDD,mbaojin,mBaoJin,0.93,500.0,508.0,128000.0,default,10.1038/s41592-024-02203-y,pdb_match,,,,0,,,,
8QWJ,,,,,,,,,unmatched,,,,0,,,,
8RZZ,,,,,,,,,unmatched,,,,0,,,,
8S0G,,,,,,,,,unmatched,,,,0,,,,
8S1L,,,,,,,,,unmatched,,,,0,,,,
8S1V,,,,,,,,,unmatched,,,,0,,,,
8SFS,,,,,,,,,unmatched,,,,0,,,,
8SFV,,,0.39,506.0,513.0,58191.0,,,seq_match_99,gfpmut3,GFPmut3,0.9955947136563876,226,0.39,506.0,513.0,58191.0
8SFX,,,,,,,,,unmatched,,,,0,,,,
8SFZ,,,0.39,506.0,513.0,58191.0,,,seq_match_99,gfpmut3,GFPmut3,0.9955947136563876,226,0.39,506.0,513.0,58191.0
8SG3,,,,,,,,,unmatched,,,,0,,,,
8SLC,,,0.39,506.0,513.0,58191.0,,,seq_match_99,gfpmut3,GFPmut3,0.9912280701754386,226,0.39,506.0,513.0,58191.0
8SMU,,,,,,,,,unmatched,,,,0,,,,
8SXC,,,0.44,579.0,603.0,90000.0,,,seq_match_99,diogenes,Diogenes,0.9956331877729258,228,0.44,579.0,603.0,90000.0
8U20,,,,,,,,,unmatched,,,,0,,,,
8U21,ccgfp-e6,ccGFP E6,,501.0,520.0,,default,10.1038/s41598-021-98149-8,unmatched,,,,0,,,,
8U22,,,,,,,,,unmatched,,,,0,,,,
8U23,,,,,,,,,unmatched,,,,0,,,,
8U24,,,,,,,,,unmatched,,,,0,,,,
8UL0,,,0.83,505.0,513.0,88400.0,,,seq_match_99,meos31,mEos3.1,0.9908675799086758,217,0.83,505.0,513.0,88400.0
8UL1,,,0.83,505.0,513.0,88400.0,,,seq_match_99,meos31,mEos3.1,0.9953917050691244,216,0.83,505.0,513.0,88400.0
8UL2,,,0.83,505.0,513.0,88400.0,,,seq_match_99,meos31,mEos3.1,0.9953917050691244,216,0.83,505.0,513.0,88400.0
8UL3,,,0.83,505.0,513.0,88400.0,,,seq_match_99,meos31,mEos3.1,0.9953917050691244,216,0.83,505.0,513.0,88400.0
8UL4,,,0.83,505.0,513.0,88400.0,,,seq_match_99,meos31,mEos3.1,0.9953917050691244,216,0.83,505.0,513.0,88400.0
8UL5,,,0.83,505.0,513.0,88400.0,,,seq_match_99,meos31,mEos3.1,0.9953917050691244,216,0.83,505.0,513.0,88400.0
8UQQ,,,,,,,,,unmatched,,,,0,,,,
8WGP,,,0.14,558.0,587.0,27300.0,,,seq_match_99,dsredm1,DsRed.M1,1.0,217,0.14,558.0,587.0,27300.0
8XC6,,,,,,,,,unmatched,,,,0,,,,
8XLD,,,,,,,,,unmatched,,,,0,,,,
8YDO,,,0.15,440.0,570.0,14000.0,,,seq_match_99,dkeima570,dKeima570,0.9953917050691244,216,0.15,440.0,570.0,14000.0
8YQ4,,,,,,,,,unmatched,,,,0,,,,
8ZBO,,,,,,,,,unmatched,,,,0,,,,
8ZUP,,,0.79,397.0,506.0,30000.0,,,seq_match_99,alphagfp,αGFP,0.9911894273127754,225,0.79,397.0,506.0,30000.0
8ZUQ,,,0.79,397.0,506.0,30000.0,,,seq_match_99,alphagfp,αGFP,0.9911894273127754,225,0.79,397.0,506.0,30000.0
8ZUR,,,0.79,397.0,506.0,30000.0,,,seq_match_99,alphagfp,αGFP,0.9911894273127754,225,0.79,397.0,506.0,30000.0
8ZUS,,,0.79,397.0,506.0,30000.0,,,seq_match_99,alphagfp,αGFP,0.9955947136563876,226,0.79,397.0,506.0,30000.0
8ZUT,,,0.79,397.0,506.0,30000.0,,,seq_match_99,alphagfp,αGFP,1.0,227,0.79,397.0,506.0,30000.0
8ZXH,mscarlet3-h,mScarlet3-H,0.18,551.0,592.0,102685.0,default,10.1038/s41592-025-02676-5,pdb_match,,,,0,,,,
8ZXO,mscarlet-h,mScarlet-H,0.2,551.0,592.0,74000.0,default,10.1038/nmeth.4074,pdb_match,,,,0,,,,
9BCF,,,,,,,,,unmatched,,,,0,,,,
9C74,,,,,,,,,unmatched,,,,0,,,,
9CJM,,,,,,,,,unmatched,,,,0,,,,
9F22,,,0.6,488.0,507.0,55900.0,,,seq_match_99,egfp,EGFP,0.9956140350877193,227,0.6,488.0,507.0,55900.0
9F23,,,,,,,,,unmatched,,,,0,,,,
9F24,,,0.6,488.0,507.0,55900.0,,,seq_match_99,egfp,EGFP,1.0,231,0.6,488.0,507.0,55900.0
9FEL,,,,,,,,,unmatched,,,,0,,,,
9FEM,,,,,,,,,unmatched,,,,0,,,,
9FEN,,,0.76,494.0,502.0,56700.0,,,seq_match_99,nowgfp,NowGFP,1.0,228,0.76,494.0,502.0,56700.0
9FEO,,,,,,,,,unmatched,,,,0,,,,
9FEQ,,,,,,,,,unmatched,,,,0,,,,
9FER,,,0.1,590.0,649.0,41000.0,,,seq_match_99,mplum,mPlum,1.0,216,0.1,590.0,649.0,41000.0
9FES,,,,,,,,,unmatched,,,,0,,,,
9FGI,,,,,,,,,unmatched,,,,0,,,,
9G7Q,stayrose,StayRose,0.93,496.0,505.0,159000.0,default,10.1101/2024.12.13.628370,seq_match_99,staygold,StayGold,1.0,214,0.93,496.0,505.0,159000.0
9GVR,meos4b-l93m,mEos4b-L93M,0.68,504.0,515.0,77120.0,Green,10.1002/pro.70234,pdb_match,,,,0,,,,
9H25,,,,,,,,,unmatched,,,,0,,,,
9IRJ,,,,,,,,,unmatched,,,,0,,,,
9J0Q,,,0.84,507.0,516.0,63400.0,,,seq_match_99,meos32,mEos3.2,0.9908256880733946,216,0.84,507.0,516.0,63400.0
9J0R,,,,,,,,,unmatched,,,,0,,,,
9J11,,,,,,,,,unmatched,,,,0,,,,
9JX2,,,,,,,,,unmatched,,,,0,,,,
9K8W,,,,,,,,,unmatched,,,,0,,,,
9K8X,,,,,,,,,unmatched,,,,0,,,,
9LD5,,,,,,,,,unmatched,,,,0,,,,
9LD8,,,,,,,,,unmatched,,,,0,,,,
9LD9,,,,,,,,,unmatched,,,,0,,,,
9LPU,,,,,,,,,unmatched,,,,0,,,,
9LSA,,,,,,,,,unmatched,,,,0,,,,
9LSC,,,,,,,,,unmatched,,,,0,,,,
9LSF,,,,,,,,,unmatched,,,,0,,,,
9LSW,,,,,,,,,unmatched,,,,0,,,,
9LYL,,,,,,,,,unmatched,,,,0,,,,
9MUS,,,,,,,,,unmatched,,,,0,,,,
9MUT,,,,,,,,,unmatched,,,,0,,,,
9MUU,,,,,,,,,unmatched,,,,0,,,,
9MUV,,,,,,,,,unmatched,,,,0,,,,
9R6H,,,,,,,,,unmatched,,,,0,,,,
9S0T,,,,,,,,,unmatched,,,,0,,,,
9TAD,,,,,,,,,unmatched,,,,0,,,,
9U9D,,,,,,,,,unmatched,,,,0,,,,
